date, pm25, o3, no2, so2, co
2022/3/2, 27, , 14, 1, 2
2022/3/3, 40, , 11, 1, 2
2022/3/4, 24, , 7, 1, 2
2022/3/5, 17, , 10, 2, 2
2022/3/6, 23, , 8, 1, 2
2022/3/7, 21, , 2, 2, 2
2022/3/8, 18, , 3, 2, 1
2022/3/9, 20, , 5, , 1
2022/3/10, 18, , 5, 3, 2
2022/3/11, 39, , 9, , 1
2022/3/12, 25, , 6, 4, 1
2022/3/13, 23, , 8, 3, 1
2022/3/14, 25, , 5, , 1
2022/3/15, 13, , 16, 2, 2
2022/3/16, 44, , 24, 9, 3
2022/3/17, 65, , 14, 1, 3
2022/3/18, 28, , 12, , 2
2022/3/19, 23, , 10, , 2
2022/3/20, 26, , 6, , 2
2022/3/21, 13, , 6, , 2
2022/3/22, 12, , 13, , 3
2022/3/23, 19, , 10, , 2
2022/3/24, 17, , , , 
2022/2/2, 15, , 13, 1, 3
2022/2/3, 29, , 12, 6, 2
2022/2/4, 25, , 8, 1, 2
2022/2/5, 19, , 7, 1, 1
2022/2/6, 18, , 8, 1, 2
2022/2/7, 19, , 10, 1, 2
2022/2/8, 13, , 8, 4, 2
2022/2/9, 25, , 21, 5, 2
2022/2/10, 41, , 5, 1, 2
2022/2/11, 16, , 11, 1, 2
2022/2/12, 19, , 9, 5, 2
2022/2/13, 18, , 10, 5, 2
2022/2/14, 17, , 11, 1, 2
2022/2/15, 17, , 5, 2, 2
2022/2/16, 13, , 12, 5, 2
2022/2/17, 22, , 8, 2, 2
2022/2/18, 15, , 9, 1, 2
2022/2/19, 15, , 7, 3, 2
2022/2/20, 25, , 12, 15, 2
2022/2/21, 36, , 12, 1, 2
2022/2/22, 31, , 18, 1, 2
2022/2/23, 25, , 10, 1, 2
2022/2/24, 30, , 18, 3, 3
2022/2/25, 48, , 15, 1, 2
2022/2/26, 18, , 8, 1, 2
2022/2/27, 26, , 9, 2, 
2022/2/28, 27, , 19, 7, 2
2022/3/1, 38, , 12, 4, 2
2022/1/4, 20, , 11, 5, 1
2022/1/5, 34, , 11, 3, 1
2022/1/6, 27, , 14, 1, 2
2022/1/7, 26, , 17, 1, 2
2022/1/8, 38, , 10, 1, 1
2022/1/9, 36, , 14, 1, 2
2022/1/10, 40, , 11, 1, 2
2022/1/11, 26, , 10, 1, 1
2022/1/12, 22, , 18, 1, 2
2022/1/13, 40, , 23, 5, 2
2022/1/14, 78, , 12, 2, 2
2022/1/15, 38, , 7, 1, 2
2022/1/16, 20, , 7, 3, 2
2022/1/17, 14, , 2, 1, 2
2022/1/18, 14, , 13, 1, 2
2022/1/19, 20, , 10, 1, 2
2022/1/20, 19, , 11, 2, 2
2022/1/21, 30, , 9, 1, 2
2022/1/22, 15, , 10, 1, 2
2022/1/23, 15, , 8, 2, 2
2022/1/24, 15, , 16, 1, 3
2022/1/25, 19, , 7, 1, 2
2022/1/26, 12, , 1, 2, 2
2022/1/27, 5, , 7, 1, 2
2022/1/28, 13, , 12, , 3
2022/1/29, 21, , 9, , 2
2022/1/30, 20, , 10, 6, 2
2022/1/31, 19, , 3, 2, 3
2022/2/1, 17, , 1, 1, 2
2021/10/1, 17, , 6, 1, 3
2021/10/2, 19, , 7, , 3
2021/10/3, 12, , 5, , 3
2021/10/4, 9, , 5, , 3
2021/10/5, 22, , 10, 6, 3
2021/10/6, 32, , 7, 1, 4
2021/10/7, 24, , 7, , 2
2021/10/8, 24, , 7, , 1
2021/10/9, 20, , 5, 2, 1
2021/10/10, 14, , 5, 9, 1
2021/10/11, 22, , 4, 2, 1
2021/10/12, 13, , 6, 1, 1
2021/10/13, 13, , 8, , 2
2021/10/14, 21, , 10, , 2
2021/10/15, 19, , 7, , 2
2021/10/16, 19, , 8, 7, 2
2021/10/17, 24, , 4, 1, 2
2021/10/18, 17, , 4, 1, 1
2021/10/19, 14, , 3, , 
2021/10/20, 14, , 3, , 
2021/10/21, 19, , 1, , 
2021/10/22, 22, , 1, , 
2021/10/23, 21, , 3, , 3
2021/10/24, 24, , 2, , 2
2021/10/25, 25, , 4, , 2
2021/10/26, 36, , 7, , 3
2021/10/27, 34, , 8, , 3
2021/10/28, 20, , 6, , 2
2021/10/29, 15, , 1, , 2
2021/10/30, 6, , 7, 1, 2
2021/11/1, 16, , 13, 1, 2
2021/11/2, 23, , 17, 1, 3
2021/11/3, 37, , 9, 1, 2
2021/11/4, 30, , 12, 2, 3
2021/11/5, 40, , 11, 1, 2
2021/11/6, 47, , 5, 1, 2
2021/11/7, 29, , 6, , 2
2021/11/8, 20, , 2, , 2
2021/11/9, 12, , 4, , 2
2021/11/10, 10, , 5, , 2
2021/11/11, 7, , 4, , 2
2021/11/12, 10, , 3, 1, 2
2021/11/13, 19, , 7, , 2
2021/11/14, 23, , 7, , 2
2021/11/15, 16, , 7, , 3
2021/11/16, 34, , 4, 2, 2
2021/11/17, 6, , 4, 1, 2
2021/11/18, 11, , 12, 1, 3
2021/11/19, 36, , 5, , 2
2021/11/20, 26, , 2, 1, 2
2021/11/21, 12, , 6, , 2
2021/11/22, 12, , 5, , 2
2021/11/23, 20, , 6, 2, 1
2021/11/24, 17, , 9, 1, 1
2021/11/25, 19, , 8, 1, 2
2021/11/26, 32, , 3, , 1
2021/11/27, 12, , 11, 1, 2
2021/11/28, 19, , 8, 1, 2
2021/11/29, 17, , 11, 4, 2
2021/11/30, 22, , 13, 1, 1
2021/12/1, 16, , 11, 4, 1
2021/12/2, 21, , 3, 1, 1
2021/12/3, 15, , 4, , 2
2021/12/4, 14, , 10, , 1
2021/12/5, 14, , 12, 1, 2
2021/12/6, 20, , 12, , 2
2021/12/7, 22, , 7, , 1
2021/12/8, 17, , 10, , 2
2021/12/9, 45, , 11, , 2
2021/12/10, 20, , 12, 1, 2
2021/12/11, 23, , 9, , 2
2021/12/12, 24, , 8, 2, 2
2021/12/13, 19, , 6, 1, 2
2021/12/14, 18, , 7, 2, 2
2021/12/15, 16, , 11, 7, 2
2021/12/16, 23, , 11, 2, 1
2021/12/17, 17, , 13, 1, 2
2021/12/18, 21, , 10, 1, 2
2021/12/19, 29, , 10, 1, 2
2021/12/20, 29, , 16, 1, 2
2021/12/21, 24, , 16, 1, 2
2021/12/22, 19, , 11, 2, 1
2021/12/23, 17, , 10, 2, 1
2021/12/24, 14, , 8, 3, 1
2021/12/25, 9, , 3, 1, 1
2021/12/26, 15, , 12, 1, 2
2021/12/27, 28, , 9, 1, 2
2021/12/28, 24, , 10, 3, 1
2021/12/29, 25, , 4, 1, 1
2021/12/30, 16, , 10, 1, 1
2021/12/31, 22, , 10, , 1
2022/1/1, 30, , 7, 1, 2
2022/1/2, 30, , 5, 2, 1
2022/1/3, 21, , 6, , 1
2021/7/1, 44, , 1, 1, 2
2021/7/2, 46, , 1, , 2
2021/7/3, 22, , 2, 2, 1
2021/7/4, 11, , 3, 1, 1
2021/7/5, 9, , 2, , 1
2021/7/6, 15, , 2, , 2
2021/7/7, 29, , 2, , 2
2021/7/8, 49, , 4, 1, 3
2021/7/9, 85, , 3, 1, 3
2021/7/10, 80, , 1, , 2
2021/7/11, 68, , 1, 1, 2
2021/7/12, 72, , 1, , 2
2021/7/13, 48, , 3, , 3
2021/7/14, 65, , 3, , 3
2021/7/15, 82, , 1, 1, 1
2021/7/16, 28, , 2, , 4
2021/7/17, 126, , 2, 1, 2
2021/7/18, 72, , 2, , 6
2021/7/19, 164, , 3, , 5
2021/7/20, 111, , 2, , 5
2021/7/21, 93, , 1, , 2
2021/7/22, 47, , 1, 1, 2
2021/7/23, 31, , 1, 1, 1
2021/7/24, 28, , 3, 1, 2
2021/7/25, 26, , 2, , 2
2021/7/26, 27, , 3, 3, 2
2021/7/27, 37, , 2, , 2
2021/7/28, 22, , 2, , 2
2021/7/29, 23, , 3, 7, 2
2021/7/30, 38, , 1, 1, 2
2021/7/31, 31, , 1, 1, 2
2021/8/1, 56, , 2, , 2
2021/8/2, 67, , 3, 2, 2
2021/8/3, 76, , 3, 1, 2
2021/8/4, 66, , 8, 1, 3
2021/8/5, 77, , 1, 2, 3
2021/8/6, 77, , 1, , 1
2021/8/7, 14, , 2, 3, 2
2021/8/8, 18, , 2, 1, 2
2021/8/9, 36, , 1, , 2
2021/8/10, 9, , 1, 1, 2
2021/8/11, 17, , 1, , 2
2021/8/12, 14, , 1, , 1
2021/8/13, 23, , 2, , 1
2021/8/14, 66, , 2, 1, 1
2021/8/15, 45, , 3, , 1
2021/8/16, 28, , 1, 3, 1
2021/8/17, 22, , 3, 1, 1
2021/8/18, 26, , 1, , 2
2021/8/19, 37, , 4, 4, 2
2021/8/20, 21, , 3, 6, 2
2021/8/21, 29, , 2, , 2
2021/8/22, 12, , 4, 1, 2
2021/8/23, 16, , 2, 1, 2
2021/8/24, 22, , 3, 1, 2
2021/8/25, 24, , 3, 1, 2
2021/8/26, 29, , 2, 1, 2
2021/8/27, 28, , 2, , 2
2021/8/28, 24, , 3, , 2
2021/8/29, 18, , 3, 10, 2
2021/8/30, 23, , 4, 3, 2
2021/8/31, 25, , 3, 2, 2
2021/9/1, 31, , 1, 1, 2
2021/9/2, 17, , 3, 3, 2
2021/9/3, 24, , 4, 1, 2
2021/9/4, 35, , 3, 1, 2
2021/9/5, 22, , 1, , 1
2021/9/6, 7, , 1, , 1
2021/9/7, 12, , 2, , 2
2021/9/8, 20, , 2, 3, 2
2021/9/9, 20, , 2, 6, 2
2021/9/10, 17, , 1, 1, 2
2021/9/11, 20, , 3, , 2
2021/9/12, 20, , 1, , 1
2021/9/13, 10, , 4, , 2
2021/9/14, 17, , 1, , 2
2021/9/15, 8, , 4, 1, 2
2021/9/16, 6, , 3, 1, 2
2021/9/17, 15, , 4, 1, 3
2021/9/18, 20, , 3, 1, 2
2021/9/19, 19, , 3, , 2
2021/9/20, 14, , 2, 1, 2
2021/9/21, 15, , 2, , 2
2021/9/22, 10, , 1, , 2
2021/9/23, 6, , 5, 1, 2
2021/9/24, 16, , 3, , 2
2021/9/25, 17, , 3, 1, 2
2021/9/26, 26, , 4, , 3
2021/9/27, 24, , 6, 2, 3
2021/9/28, 41, , 4, , 2
2021/9/29, 26, , 6, , 2
2021/9/30, 22, , 5, , 3
2021/4/1, 33, , 2, , 2
2021/4/2, 11, , 9, 2, 2
2021/4/3, 32, , 6, , 2
2021/4/4, 31, , 6, 1, 2
2021/4/5, 32, , 6, 5, 3
2021/4/6, 33, , 4, 1, 3
2021/4/7, 30, , 1, , 2
2021/4/8, 14, , 7, 1, 3
2021/4/9, 25, , 4, , 2
2021/4/10, 25, , 7, 7, 3
2021/4/11, 33, , 6, 4, 2
2021/4/12, 39, , 6, 1, 3
2021/4/13, 28, , 6, 3, 3
2021/4/14, 35, , 8, 9, 3
2021/4/15, 43, , 5, 5, 3
2021/4/16, 37, , 5, 1, 3
2021/4/17, 26, , 6, 1, 3
2021/4/18, 25, , 4, 1, 3
2021/4/19, 26, , 10, 1, 3
2021/4/20, 30, , 4, 4, 2
2021/4/21, 35, , 2, 2, 1
2021/4/22, 14, , 4, 3, 1
2021/4/23, 17, , 2, 1, 1
2021/4/24, 14, , 3, 2, 1
2021/4/25, 20, , 3, 2, 1
2021/4/26, 21, , 2, 5, 1
2021/4/27, 19, , 4, , 1
2021/4/28, 15, , 4, 6, 1
2021/4/29, 17, , 4, , 1
2021/4/30, 11, , 1, 1, 1
2021/5/1, 8, , 1, , 1
2021/5/2, 15, , 3, , 1
2021/5/3, 15, , 3, 2, 1
2021/5/4, 21, , 4, 4, 1
2021/5/5, 26, , 2, , 1
2021/5/6, 13, , 1, , 1
2021/5/7, 13, , 3, , 1
2021/5/8, 19, , 3, , 1
2021/5/9, 23, , 4, , 1
2021/5/10, 24, , 3, 6, 1
2021/5/11, 19, , 3, 1, 1
2021/5/12, 18, , 2, 6, 1
2021/5/13, 22, , 4, 1, 1
2021/5/14, 25, , 2, 4, 1
2021/5/15, 19, , 2, , 1
2021/5/16, 11, , 2, 4, 2
2021/5/17, 15, , 1, , 1
2021/5/18, 10, , 1, 2, 2
2021/5/19, 17, , 5, , 1
2021/5/20, 22, , 2, , 1
2021/5/21, 18, , 3, 1, 1
2021/5/22, 17, , 3, 1, 2
2021/5/23, 23, , 3, 1, 1
2021/5/24, 47, , 2, 1, 1
2021/5/25, 19, , 2, , 1
2021/5/26, 18, , 3, 1, 2
2021/5/27, 25, , 3, 1, 2
2021/5/28, 25, , 2, 4, 1
2021/5/29, 24, , 2, 1, 2
2021/5/30, 21, , 2, 4, 1
2021/5/31, 23, , 2, , 2
2021/6/1, 20, , 2, 2, 2
2021/6/2, 19, , 3, , 2
2021/6/3, 27, , 3, , 2
2021/6/4, 18, , 1, 1, 2
2021/6/5, 17, , 2, 1, 2
2021/6/6, 18, , 2, 1, 2
2021/6/7, 12, , 4, 1, 2
2021/6/8, 15, , 3, , 2
2021/6/9, 19, , 3, , 2
2021/6/10, 24, , 2, 1, 2
2021/6/11, 25, , 3, , 2
2021/6/12, 24, , 4, , 2
2021/6/13, 22, , 2, 1, 2
2021/6/14, 24, , 1, , 2
2021/6/15, 25, , 1, , 1
2021/6/16, 17, , 1, 1, 1
2021/6/17, 9, , 2, 3, 1
2021/6/18, 25, , 1, 3, 1
2021/6/19, 22, , 4, 3, 
2021/6/20, 18, , 3, 1, 1
2021/6/21, 27, , 3, 1, 1
2021/6/22, 41, , 2, , 1
2021/6/23, 21, , 2, , 1
2021/6/24, 36, , 2, 2, 1
2021/6/25, 22, , 2, 1, 1
2021/6/26, 26, , 3, 3, 1
2021/6/27, 39, , 2, 2, 1
2021/6/28, 48, , 2, , 2
2021/6/29, 53, , 2, 1, 2
2021/6/30, 42, , 2, 1, 2
2021/1/5, 33, , 15, 4, 2
2021/1/6, 38, , 8, 1, 2
2021/1/7, 24, , 13, , 2
2021/1/8, 17, , 14, , 1
2021/1/9, 24, , 13, , 2
2021/1/10, 44, , 14, , 2
2021/1/11, 42, , 14, , 2
2021/1/12, 43, , 12, 1, 1
2021/1/13, 11, , 11, , 1
2021/1/14, 14, , 11, 4, 1
2021/1/15, 16, , 9, 1, 1
2021/1/16, 18, , 12, 1, 1
2021/1/17, 26, , 16, 22, 1
2021/1/18, 54, , 15, 9, 1
2021/1/19, 49, , 9, 1, 2
2021/1/20, 24, , 2, 5, 1
2021/1/21, 9, , 13, 2, 2
2021/1/22, 23, , 7, , 2
2021/1/23, 15, , 10, 2, 2
2021/1/24, 20, , 7, 1, 2
2021/1/25, 28, , 5, , 2
2021/1/26, 8, , 6, , 2
2021/1/27, 7, , 5, , 2
2021/1/28, 16, , 15, 5, 2
2021/1/29, 26, , 14, 2, 2
2021/1/30, 44, , 11, 1, 2
2021/1/31, 63, , 11, 1, 2
2021/2/1, 66, , 11, 2, 2
2021/2/2, 77, , 3, 1, 2
2021/2/3, 36, , 8, 6, 2
2021/2/4, 27, , 12, 3, 1
2021/2/5, 29, , 12, 8, 1
2021/2/6, 24, , 10, 3, 1
2021/2/7, 33, , 15, 4, 1
2021/2/8, 47, , 6, 2, 1
2021/2/9, 28, , 1, , 1
2021/2/10, 24, , 4, 2, 1
2021/2/11, 20, , 6, , 1
2021/2/12, 19, , 9, 10, 1
2021/2/13, 31, , 14, 1, 1
2021/2/14, 40, , 8, 1, 1
2021/2/15, 23, , 7, 1, 1
2021/2/16, 23, , 12, 2, 1
2021/2/17, 33, , 13, 6, 2
2021/2/18, 46, , 12, 1, 2
2021/2/19, 41, , 17, 1, 2
2021/2/20, 43, , 13, 1, 2
2021/2/21, 17, , 5, , 1
2021/2/22, 11, , 8, 8, 1
2021/2/23, 30, , 11, 7, 2
2021/2/24, 32, , 11, 1, 2
2021/2/25, 43, , 6, 1, 2
2021/2/26, 19, , 9, 14, 2
2021/2/27, 36, , 11, 3, 2
2021/2/28, 55, , 3, , 2
2021/3/1, 16, , 8, 3, 1
2021/3/2, 26, , 10, 1, 1
2021/3/3, 38, , 13, 1, 2
2021/3/4, 27, , 19, 5, 1
2021/3/5, 42, , 10, 1, 1
2021/3/6, 50, , 8, , 2
2021/3/7, 37, , 8, 1, 1
2021/3/8, 13, , 4, , 1
2021/3/9, 22, , 5, 2, 1
2021/3/10, 17, , 10, 2, 1
2021/3/11, 25, , 8, 1, 2
2021/3/12, 24, , 12, 1, 2
2021/3/13, 30, , 2, , 1
2021/3/14, 24, , 7, 4, 2
2021/3/15, 28, , 7, 6, 1
2021/3/16, 25, , 7, , 2
2021/3/17, 26, , 12, 1, 2
2021/3/18, 43, , 15, 1, 2
2021/3/19, 48, , 8, 1, 2
2021/3/20, 38, , 7, 4, 2
2021/3/21, 23, , 1, 1, 2
2021/3/22, 16, , 2, 1, 2
2021/3/23, 31, , 5, 1, 2
2021/3/24, 33, , 2, , 2
2021/3/25, 25, , 7, 6, 2
2021/3/26, 36, , 7, 5, 2
2021/3/27, 37, , 4, 1, 2
2021/3/28, 20, , 3, 2, 2
2021/3/29, 25, , 4, , 2
2021/3/30, 27, , 8, , 2
2021/3/31, 35, , 7, 1, 2
2020/10/1, 15, , 7, 11, 1
2020/10/2, 27, , 5, 1, 1
2020/10/3, 25, , 3, 1, 1
2020/10/4, 21, , 4, , 1
2020/10/5, 15, , 2, , 1
2020/10/6, 8, , 4, 1, 1
2020/10/7, 9, , 3, 1, 1
2020/10/8, 13, , 4, 2, 1
2020/10/9, 14, , 1, , 1
2020/10/10, 15, , 1, 1, 1
2020/10/11, 7, , 1, , 1
2020/10/12, 5, , 2, 1, 1
2020/10/13, 5, , 1, 1, 1
2020/10/14, 9, , 1, 1, 1
2020/10/15, 8, , 2, 2, 1
2020/10/16, 10, , 1, , 1
2020/10/17, 4, , 2, 3, 1
2020/10/18, 7, , 6, , 1
2020/10/19, 18, , 4, 1, 1
2020/10/20, 29, , 4, 1, 1
2020/10/21, 17, , 2, , 1
2020/10/22, 8, , 5, 1, 1
2020/10/23, 13, , 2, , 1
2020/10/24, 11, , 2, , 1
2020/10/26, 16, , 8, 1, 1
2020/10/27, 25, , 8, 3, 1
2020/10/28, 24, , 8, 4, 1
2020/10/29, 29, , 8, 4, 1
2020/10/30, 22, , 4, , 1
2020/10/31, 11, , 7, 1, 1
2020/11/1, 17, , 7, , 1
2020/11/2, 17, , 13, 5, 2
2020/11/3, 34, , 9, 4, 1
2020/11/4, 32, , 6, 3, 1
2020/11/5, 19, , 3, , 1
2020/11/6, 7, , 3, , 1
2020/11/7, 14, , 12, 1, 2
2020/11/8, 22, , 10, 1, 2
2020/11/9, 33, , 11, 1, 3
2020/11/10, 24, , 4, 2, 2
2020/11/11, 15, , 6, 2, 3
2020/11/12, 21, , 9, 1, 2
2020/11/13, 33, , 15, 1, 3
2020/11/14, 51, , 6, 3, 1
2020/11/15, 46, , 6, 1, 1
2020/11/16, 29, , 15, 10, 1
2020/11/17, 39, , 7, 1, 1
2020/11/18, 19, , 2, , 1
2020/11/19, 23, , 4, 1, 1
2020/11/20, 18, , 11, 15, 2
2020/11/21, 40, , 17, 2, 3
2020/11/22, 63, , 12, 1, 2
2020/11/23, 44, , 8, , 2
2020/11/24, 27, , 9, 1, 2
2020/11/25, 44, , 4, , 2
2020/11/26, 29, , 8, , 2
2020/11/27, 20, , 2, , 1
2020/11/28, 15, , 10, , 2
2020/11/29, 21, , 11, , 2
2020/11/30, 25, , 13, 1, 2
2020/12/1, 32, , 8, , 2
2020/12/2, 12, , 20, 1, 4
2020/12/3, 32, , 11, 1, 2
2020/12/4, 27, , 12, 1, 2
2020/12/5, 36, , 9, , 1
2020/12/6, 29, , 13, 1, 1
2020/12/7, 31, , 13, 1, 2
2020/12/8, 21, , 14, , 2
2020/12/9, 25, , 11, , 2
2020/12/10, 34, , 10, 1, 2
2020/12/11, 42, , 10, , 1
2020/12/12, 30, , 3, 1, 1
2020/12/13, 25, , 8, , 1
2020/12/14, 28, , 13, 1, 1
2020/12/15, 23, , 14, 1, 1
2020/12/16, 27, , 13, 2, 1
2020/12/17, 26, , 6, 1, 1
2020/12/18, 17, , 7, 1, 1
2020/12/19, 20, , 6, 1, 1
2020/12/20, 19, , 21, 2, 2
2020/12/21, 36, , 23, 1, 2
2020/12/22, 46, , 13, 2, 1
2020/12/23, 38, , 8, 1, 2
2020/12/24, 31, , 7, 1, 2
2020/12/25, 20, , 7, , 2
2020/12/26, 11, , 15, 4, 2
2020/12/27, 38, , 11, 5, 2
2020/12/28, 28, , 12, 1, 2
2020/12/29, 35, , 13, , 3
2020/12/30, 39, , 10, , 2
2020/12/31, 27, , 9, 1, 2
2021/1/1, 36, , 19, 1, 2
2021/1/2, 47, , 16, 5, 2
2021/1/3, 36, , 18, 6, 2
2021/1/4, 36, , 20, 4, 2
2020/7/1, 16, , 1, , 1
2020/7/2, 16, , 2, , 1
2020/7/3, 19, , 1, , 1
2020/7/4, 24, , 2, 2, 1
2020/7/5, 21, , 1, 2, 1
2020/7/6, 21, , 3, 4, 1
2020/7/7, 39, , 3, 1, 1
2020/7/8, 26, , 2, 5, 1
2020/7/9, 27, , 1, 2, 1
2020/7/10, 21, , 1, , 2
2020/7/11, 18, , 1, 4, 1
2020/7/12, 19, , 1, , 1
2020/7/13, 10, , 1, , 1
2020/7/14, 5, , 2, 1, 2
2020/7/15, 11, , 2, 2, 1
2020/7/16, 23, , 1, 1, 1
2020/7/17, 16, , 1, 2, 1
2020/7/18, 16, , 2, 13, 1
2020/7/19, 39, , 3, 1, 1
2020/7/20, 49, , 2, , 1
2020/7/21, 33, , 2, , 1
2020/7/22, 23, , 2, 1, 1
2020/7/23, 26, , 3, 1, 1
2020/7/24, 25, , 2, 4, 1
2020/7/25, 19, , 1, , 1
2020/7/26, 15, , 2, , 1
2020/7/27, 23, , 2, 1, 1
2020/7/28, 35, , 4, 1, 1
2020/7/29, 43, , 2, 5, 1
2020/7/30, 31, , 3, 4, 2
2020/7/31, 44, , 2, 1, 2
2020/8/1, 53, , 1, , 2
2020/8/2, 40, , 1, , 2
2020/8/3, 38, , 1, , 1
2020/8/4, 16, , 3, , 1
2020/8/5, 16, , 2, 1, 1
2020/8/6, 25, , 1, , 1
2020/8/7, 24, , 1, , 1
2020/8/8, 13, , 1, 1, 1
2020/8/9, 12, , 1, , 1
2020/8/10, 13, , 2, , 1
2020/8/11, 14, , 2, , 1
2020/8/12, 27, , 1, , 1
2020/8/13, 17, , 1, , 1
2020/8/14, 14, , 5, 3, 1
2020/8/15, 13, , 1, 1, 1
2020/8/16, 18, , 4, 6, 1
2020/8/17, 45, , 2, 1, 1
2020/8/18, 34, , 1, , 1
2020/8/19, 23, , 3, 8, 1
2020/8/20, 31, , 4, , 1
2020/8/21, 16, , 1, 2, 1
2020/8/22, 13, , 3, 6, 1
2020/8/23, 18, , 2, 1, 1
2020/8/24, 22, , 2, , 2
2020/8/25, 14, , 2, , 2
2020/8/26, 16, , 3, 3, 2
2020/8/27, 15, , 2, 2, 1
2020/8/28, 16, , 1, , 2
2020/8/29, 14, , 1, , 1
2020/8/30, 3, , 2, , 2
2020/8/31, 18, , 1, 5, 2
2020/9/1, 8, , 2, 5, 2
2020/9/2, 11, , 3, 1, 2
2020/9/3, 15, , 3, , 2
2020/9/4, 19, , 3, 2, 2
2020/9/5, 23, , 2, 1, 2
2020/9/6, 13, , 5, 2, 2
2020/9/7, 17, , 4, 4, 2
2020/9/8, 22, , 5, 2, 2
2020/9/9, 22, , 3, , 2
2020/9/10, 17, , 5, 1, 2
2020/9/11, 15, , 3, 4, 2
2020/9/12, 14, , 3, 6, 2
2020/9/13, 21, , 6, 1, 2
2020/9/14, 20, , 4, 3, 2
2020/9/15, 19, , 5, , 2
2020/9/16, 16, , 5, 2, 2
2020/9/17, 23, , 6, 1, 3
2020/9/18, 41, , 7, 1, 4
2020/9/19, 75, , 3, , 4
2020/9/20, 64, , 4, 1, 3
2020/9/21, 20, , 3, , 3
2020/9/22, 14, , 3, 1, 3
2020/9/23, 17, , 2, , 2
2020/9/24, 23, , 5, 2, 1
2020/9/25, 16, , 5, 1, 1
2020/9/26, 29, , 4, 1, 1
2020/9/27, 15, , 2, , 1
2020/9/28, 9, , 2, 3, 1
2020/9/29, 9, , 3, 3, 1
2020/9/30, 10, , 4, 1, 1
2020/4/1, 15, , 6, 3, 2
2020/4/2, 38, , 9, 1, 2
2020/4/3, 16, , 4, 1, 2
2020/4/4, 9, , 2, , 2
2020/4/5, 11, , 3, , 1
2020/4/6, 21, , 4, 17, 1
2020/4/7, 27, , 3, 4, 1
2020/4/8, 10, , 3, 1, 1
2020/4/9, 20, , 2, 1, 1
2020/4/10, 6, , 1, 2, 1
2020/4/11, 12, , 2, 5, 1
2020/4/12, 21, , 5, , 1
2020/4/13, 18, , 4, 15, 1
2020/4/14, 20, , 6, 2, 1
2020/4/15, 26, , 7, , 2
2020/4/16, 20, , 5, 2, 2
2020/4/17, 13, , 1, 1, 1
2020/4/18, 7, , 3, 3, 1
2020/4/19, 12, , 1, 1, 2
2020/4/20, 5, , 6, 3, 2
2020/4/21, 18, , 9, 1, 2
2020/4/22, 29, , 5, 2, 2
2020/4/23, 28, , 4, 3, 2
2020/4/24, 28, , 2, , 2
2020/4/25, 30, , 2, 4, 1
2020/4/26, 22, , 2, 1, 2
2020/4/27, 20, , 3, , 2
2020/4/28, 22, , 5, , 2
2020/4/29, 14, , 3, , 2
2020/4/30, 31, , 1, 3, 2
2020/5/1, 12, , 3, 10, 2
2020/5/2, 18, , 1, , 2
2020/5/3, 17, , 1, 1, 3
2020/5/4, 22, , 1, , 2
2020/5/5, 18, , 1, , 3
2020/5/6, 18, , 2, 1, 3
2020/5/7, 27, , 2, 3, 2
2020/5/8, 24, , 2, , 1
2020/5/9, 18, , 2, , 1
2020/5/10, 11, , 4, 1, 1
2020/5/11, 21, , 5, , 1
2020/5/12, 17, , 1, 9, 1
2020/5/13, 32, , 2, 2, 1
2020/5/14, 17, , 5, 1, 1
2020/5/15, 17, , 4, 1, 1
2020/5/16, 23, , 1, , 1
2020/5/17, 19, , 3, 1, 1
2020/5/18, 37, , 2, 1, 1
2020/5/19, 25, , 3, , 1
2020/5/20, 23, , 2, , 1
2020/5/21, 19, , 2, , 1
2020/5/22, 12, , 4, 1, 1
2020/5/23, 14, , 4, 1, 1
2020/5/24, 19, , 3, , 1
2020/5/25, 23, , 4, 1, 1
2020/5/26, 10, , 2, 3, 1
2020/5/27, 18, , 2, 2, 1
2020/5/28, 19, , 3, 2, 1
2020/5/29, 21, , 3, 1, 2
2020/5/30, 48, , 2, , 2
2020/5/31, 29, , 2, , 2
2020/6/1, 13, , 4, , 2
2020/6/2, 31, , 4, 5, 2
2020/6/3, 36, , 5, 2, 2
2020/6/4, 26, , 2, , 2
2020/6/5, 23, , 1, , 2
2020/6/6, 13, , 1, , 2
2020/6/7, 14, , 2, 2, 2
2020/6/8, 11, , 1, , 2
2020/6/9, 16, , 2, 5, 2
2020/6/10, 20, , 2, , 2
2020/6/11, 16, , 1, , 2
2020/6/12, 56, , 1, , 2
2020/6/13, 13, , 2, , 2
2020/6/14, 21, , 1, , 2
2020/6/15, 12, , 2, 2, 2
2020/6/16, 17, , 2, 1, 2
2020/6/17, 16, , 2, 1, 1
2020/6/18, 20, , 3, 9, 1
2020/6/19, 33, , 1, , 1
2020/6/20, 23, , 1, , 1
2020/6/21, 35, , 2, , 1
2020/6/22, 28, , 4, , 1
2020/6/23, 18, , 3, , 1
2020/6/24, 15, , 4, 4, 1
2020/6/25, 35, , 2, 3, 1
2020/6/26, 21, , 3, 2, 1
2020/6/27, 32, , 4, 2, 1
2020/6/28, 39, , 4, 2, 1
2020/6/30, 14, , 1, , 1
2020/1/2, 33, , 12, 2, 2
2020/1/3, 30, , 8, , 3
2020/1/4, 7, , 4, , 2
2020/1/5, 5, , 9, 1, 3
2020/1/6, 14, , 4, 1, 3
2020/1/7, 13, , 10, , 2
2020/1/8, 15, , 6, 1, 
2020/1/9, 14, , 12, 3, 
2020/1/10, 15, , 14, 1, 
2020/1/11, 16, , 8, 1, 
2020/1/12, 19, , 7, 2, 
2020/1/13, 13, , 13, 1, 
2020/1/14, 21, , 5, 1, 
2020/1/15, 16, , 12, 2, 
2020/1/16, 23, , 17, 1, 
2020/1/17, 23, , 9, 2, 
2020/1/18, 18, , 10, 1, 
2020/1/19, 14, , 12, 1, 
2020/1/20, 16, , 14, 1, 1
2020/1/21, 21, , 12, 1, 1
2020/1/22, 19, , 10, 1, 1
2020/1/23, 25, , 8, 1, 1
2020/1/24, 21, , 16, 1, 2
2020/1/25, 30, , 17, 1, 2
2020/1/26, 45, , 7, , 2
2020/1/27, 27, , 12, 1, 2
2020/1/28, 27, , 9, , 2
2020/1/29, 32, , 8, 1, 2
2020/1/30, 23, , 7, , 2
2020/1/31, 13, , 7, 1, 2
2020/2/1, 8, , 17, 1, 2
2020/2/2, 25, , 6, 4, 2
2020/2/3, 23, , 9, 1, 2
2020/2/4, 24, , 20, 1, 3
2020/2/5, 20, , 11, , 1
2020/2/6, 14, , 11, 6, 1
2020/2/7, 21, , 17, 5, 1
2020/2/8, 45, , 20, 17, 2
2020/2/9, 60, , 16, 3, 1
2020/2/10, 8, , 13, , 1
2020/2/11, 7, , 6, , 1
2020/2/12, 11, , 12, 1, 1
2020/2/13, 21, , 12, , 1
2020/2/14, 16, , 3, , 1
2020/2/15, 18, , 11, 2, 1
2020/2/16, 14, , 7, 3, 1
2020/2/17, 22, , 5, 2, 1
2020/2/18, 16, , 15, 1, 2
2020/2/19, 26, , 18, , 3
2020/2/20, 30, , 11, , 2
2020/2/21, 21, , 1, , 2
2020/2/22, 1, , 6, , 2
2020/2/23, 5, , 4, 1, 2
2020/2/24, 9, , 8, 5, 2
2020/2/25, 24, , 9, 1, 2
2020/2/26, 24, , 11, , 2
2020/2/27, 31, , 13, , 3
2020/2/28, 20, , 4, 3, 2
2020/2/29, 8, , 2, 1, 2
2020/3/1, 16, , 6, 1, 2
2020/3/2, 17, , 2, 3, 2
2020/3/3, 3, , 11, , 3
2020/3/4, 22, , 12, 9, 3
2020/3/5, 34, , 10, 3, 3
2020/3/6, 34, , 5, 6, 3
2020/3/7, 21, , 4, , 3
2020/3/8, 13, , 3, , 3
2020/3/9, 13, , 10, 1, 2
2020/3/10, 25, , 11, 1, 1
2020/3/11, 21, , 5, 3, 1
2020/3/12, 16, , 2, 5, 1
2020/3/13, 25, , 2, 5, 1
2020/3/14, 19, , 5, , 1
2020/3/15, 22, , 7, , 1
2020/3/16, 13, , 4, 3, 1
2020/3/17, 18, , 5, 8, 1
2020/3/18, 42, , 5, 2, 1
2020/3/19, 27, , 8, 15, 1
2020/3/20, 41, , 9, 1, 1
2020/3/21, 38, , 6, 1, 1
2020/3/22, 42, , 3, 10, 1
2020/3/23, 9, , 4, , 1
2020/3/24, 9, , 3, 24, 1
2020/3/25, 21, , 6, 2, 2
2020/3/26, 17, , 4, 2, 2
2020/3/27, 18, , 3, 1, 1
2020/3/28, 12, , 2, 4, 1
2020/3/29, 15, , , , 
2019/10/1, 15, , 8, , 2
2019/10/2, 19, , 8, 1, 2
2019/10/3, 21, , 6, 1, 1
2019/10/4, 19, , 1, , 1
2019/10/5, 15, , 4, , 1
2019/10/6, 14, , 8, 1, 1
2019/10/7, 20, , 1, , 1
2019/10/8, 10, , 5, , 1
2019/10/9, 10, , 7, , 1
2019/10/10, 16, , 7, 1, 2
2019/10/11, 22, , 8, 1, 2
2019/10/12, 27, , 8, , 2
2019/10/13, 31, , 4, 2, 1
2019/10/14, 15, , 5, 1, 2
2019/10/15, 13, , 4, , 2
2019/10/16, 19, , 4, , 2
2019/10/17, 18, , 8, 2, 2
2019/10/18, 21, , 8, 2, 2
2019/10/19, 22, , 3, , 2
2019/10/20, 6, , 6, , 2
2019/10/21, 12, , 6, , 2
2019/10/22, 22, , 5, , 2
2019/10/23, 24, , 4, , 2
2019/10/24, 7, , 7, 1, 2
2019/10/25, 13, , 3, 1, 2
2019/10/26, 11, , 5, 1, 2
2019/10/28, 15, , 5, 1, 2
2019/10/29, 12, , 11, , 3
2019/10/30, 15, , 6, , 2
2019/10/31, 11, , 9, 1, 3
2019/11/1, 20, , 7, , 3
2019/11/2, 13, , 7, , 3
2019/11/3, 32, , 3, 1, 2
2019/11/4, 8, , 9, , 3
2019/11/5, 19, , 4, 1, 2
2019/11/6, 10, , 3, 1, 2
2019/11/7, 14, , 7, 1, 3
2019/11/8, 19, , 7, 3, 2
2019/11/9, 20, , 5, 1, 2
2019/11/10, 13, , 5, , 3
2019/11/11, 16, , 13, , 4
2019/11/12, 25, , 16, 2, 3
2019/11/13, 25, , 13, 2, 2
2019/11/14, 23, , 5, 1, 1
2019/11/15, 10, , , , 
2019/12/9, 29, , , , 
2019/12/15, 26, , 14, , 2
2019/12/16, 20, , 13, 5, 2
2019/12/17, 27, , 10, , 2
2019/12/18, 18, , 11, 1, 2
2019/12/19, 13, , 7, , 2
2019/12/20, 3, , 9, 5, 2
2019/12/21, 25, , 11, 4, 2
2019/12/22, 29, , 8, 1, 2
2019/12/23, 30, , 10, , 3
2019/12/24, 28, , 9, , 3
2019/12/25, 23, , 8, , 3
2019/12/26, 21, , 14, , 3
2019/12/27, 25, , 14, , 4
2019/12/28, 14, , 9, , 3
2019/12/29, 13, , 14, 4, 3
2019/12/30, 17, , , , 
2019/7/1, 12, , 1, 1, 1
2019/7/2, 12, , 3, 2, 1
2019/7/3, 14, , 3, 4, 2
2019/7/4, 17, , 2, 2, 2
2019/7/5, 19, , 2, , 2
2019/7/6, 24, , 1, 1, 2
2019/7/7, 30, , 4, 4, 2
2019/7/8, 17, , 2, 1, 2
2019/7/9, 14, , 4, , 2
2019/7/10, 23, , 7, 1, 2
2019/7/11, 27, , 4, 1, 2
2019/7/12, 41, , 4, 9, 2
2019/7/13, 37, , 2, 1, 3
2019/7/14, 50, , 3, 2, 2
2019/7/15, 19, , 2, 1, 2
2019/7/16, 34, , 2, , 2
2019/7/17, 33, , 3, 1, 2
2019/7/18, 25, , 3, 1, 1
2019/7/19, 42, , 6, 4, 2
2019/7/20, 78, , 2, , 2
2019/7/21, 70, , 3, 1, 2
2019/7/22, 28, , 3, , 2
2019/7/23, 26, , 7, 1, 1
2019/7/24, 53, , 2, , 1
2019/7/25, 26, , 1, , 1
2019/7/26, 10, , 2, , 1
2019/7/27, 5, , 1, 2, 1
2019/7/28, 21, , 2, , 1
2019/7/29, 20, , 3, , 2
2019/7/30, 30, , 3, 2, 2
2019/7/31, 27, , 2, , 2
2019/8/1, 38, , 2, , 2
2019/8/2, 38, , 2, 4, 2
2019/8/3, 34, , 3, , 2
2019/8/4, 19, , 3, 2, 2
2019/8/5, 20, , 2, 1, 2
2019/8/6, 9, , 4, 6, 2
2019/8/7, 24, , 6, 2, 2
2019/8/8, 35, , 2, 1, 2
2019/8/9, 11, , 2, 1, 2
2019/8/10, 16, , 2, , 2
2019/8/11, 30, , 3, , 2
2019/8/12, 15, , 4, 1, 2
2019/8/13, 24, , 3, , 2
2019/8/14, 29, , 3, 1, 2
2019/8/15, 28, , 1, 1, 1
2019/8/16, 13, , 1, , 1
2019/8/17, 14, , 3, 3, 1
2019/8/18, 15, , 4, 6, 1
2019/8/19, 13, , 2, 1, 1
2019/8/20, 10, , 1, , 1
2019/8/21, 12, , 2, , 1
2019/8/22, 17, , 3, , 2
2019/8/23, 12, , 1, , 2
2019/8/24, 7, , 3, 4, 2
2019/8/25, 11, , 3, 4, 2
2019/8/26, 14, , 2, , 2
2019/8/27, 13, , 2, 2, 2
2019/8/28, 14, , 3, 5, 2
2019/8/29, 20, , 4, 7, 2
2019/8/30, 29, , 6, 6, 2
2019/8/31, 27, , 2, , 2
2019/9/1, 17, , 1, , 2
2019/9/2, 12, , 3, , 3
2019/9/3, 18, , 2, , 2
2019/9/4, 17, , 2, 3, 2
2019/9/5, 14, , 4, 1, 2
2019/9/6, 19, , 3, 1, 3
2019/9/7, 18, , 2, 1, 3
2019/9/8, 14, , 3, , 2
2019/9/9, 16, , 5, , 3
2019/9/10, 17, , 4, , 2
2019/9/11, 19, , 5, 1, 1
2019/9/12, 23, , 6, , 2
2019/9/13, 14, , 6, , 1
2019/9/14, 12, , 5, 1, 2
2019/9/15, 11, , 4, , 1
2019/9/16, 13, , 4, 4, 1
2019/9/17, 24, , 4, 1, 1
2019/9/18, 16, , 5, , 2
2019/9/19, 19, , 3, , 1
2019/9/20, 14, , 3, , 2
2019/9/21, 15, , 3, , 1
2019/9/22, 10, , 2, , 1
2019/9/23, 10, , 2, 1, 2
2019/9/24, 21, , 6, , 2
2019/9/25, 16, , 4, , 2
2019/9/26, 14, , 3, 1, 2
2019/9/27, 15, , 2, , 2
2019/9/28, 17, , 6, 1, 2
2019/9/29, 17, , 7, , 2
2019/9/30, 15, , 7, 1, 2
2019/4/1, 18, , 3, 2, 3
2019/4/2, 22, , 1, , 3
2019/4/3, 18, , 4, 1, 3
2019/4/4, 21, , 4, , 3
2019/4/5, 25, , 4, , 4
2019/4/6, 24, , 3, , 4
2019/4/7, 17, , 4, 4, 4
2019/4/8, 25, , 2, , 4
2019/4/9, 21, , 6, 1, 4
2019/4/10, 15, , 3, 1, 2
2019/4/11, 18, , 7, , 1
2019/4/12, 22, , 6, 1, 1
2019/4/13, 23, , 3, 4, 1
2019/4/14, 22, , 2, 4, 1
2019/4/15, 14, , 5, , 1
2019/4/16, 18, , 5, 3, 1
2019/4/17, 23, , 5, , 1
2019/4/18, 8, , 1, , 1
2019/4/19, 9, , 3, 2, 1
2019/4/20, 12, , 3, , 2
2019/4/21, 18, , 3, 1, 1
2019/4/22, 28, , 1, , 2
2019/4/23, 12, , 4, , 2
2019/4/24, 16, , 3, 1, 2
2019/4/25, 13, , 5, 5, 2
2019/4/26, 16, , 1, , 2
2019/4/27, 13, , 6, 1, 2
2019/4/28, 30, , 7, 1, 2
2019/4/29, 20, , 3, 2, 2
2019/4/30, 14, , 2, , 2
2019/5/1, 15, , 2, , 1
2019/5/2, 20, , 1, 3, 1
2019/5/3, 15, , 2, 4, 1
2019/5/4, 18, , 3, 1, 1
2019/5/5, 20, , 4, 3, 1
2019/5/6, 23, , 5, 1, 1
2019/5/7, 25, , 5, 2, 1
2019/5/8, 19, , 5, 1, 1
2019/5/9, 18, , 2, 2, 1
2019/5/10, 8, , 4, , 1
2019/5/11, 8, , 2, 8, 1
2019/5/12, 20, , 3, 2, 2
2019/5/13, 14, , 6, 5, 2
2019/5/14, 17, , 4, 1, 2
2019/5/15, 16, , 3, 1, 2
2019/5/16, 11, , 2, , 1
2019/5/17, 10, , 1, , 1
2019/5/18, 10, , 2, 1, 2
2019/5/19, 12, , 3, , 2
2019/5/20, 17, , 4, , 2
2019/5/21, 29, , 3, 1, 2
2019/5/22, 42, , 8, 7, 2
2019/5/23, 32, , 7, 1, 2
2019/5/24, 37, , 3, 1, 2
2019/5/25, 19, , 3, 1, 2
2019/5/26, 38, , 5, 4, 8
2019/5/27, 131, , 4, 2, 5
2019/5/28, 103, , 8, 3, 9
2019/5/29, 158, , 3, 3, 3
2019/5/30, 62, , 5, 8, 3
2019/5/31, 77, , 1, , 3
2019/6/1, 43, , 2, , 4
2019/6/2, 53, , 5, , 4
2019/6/3, 81, , 1, , 3
2019/6/4, 26, , 1, 1, 3
2019/6/5, 22, , 4, , 3
2019/6/6, 14, , 2, 1, 3
2019/6/7, 11, , 1, 1, 3
2019/6/8, 4, , 3, , 3
2019/6/9, 22, , 3, 4, 3
2019/6/10, 23, , 3, , 4
2019/6/11, 45, , 2, , 4
2019/6/12, 18, , 3, 1, 5
2019/6/13, 60, , 3, 3, 4
2019/6/14, 37, , 3, 1, 4
2019/6/15, 23, , 4, 4, 4
2019/6/16, 36, , 2, , 4
2019/6/17, 41, , 3, 1, 4
2019/6/18, 25, , 3, 9, 4
2019/6/19, 18, , 4, 2, 4
2019/6/20, 37, , 4, 4, 2
2019/6/21, 44, , 6, 5, 1
2019/6/22, 39, , 4, 2, 1
2019/6/23, 34, , 2, 1, 1
2019/6/24, 13, , 3, 2, 1
2019/6/25, 17, , 3, 1, 1
2019/6/26, 23, , 2, 2, 1
2019/6/27, 16, , 2, , 1
2019/6/28, 12, , 2, 1, 2
2019/6/29, 15, , 1, , 1
2019/6/30, 18, , 1, 2, 1
2019/1/2, 13, , 6, , 2
2019/1/3, 8, , 11, , 3
2019/1/4, 9, , 6, , 2
2019/1/5, 10, , 6, 1, 2
2019/1/6, 29, , 4, , 2
2019/1/7, 21, , 3, 1, 2
2019/1/8, 13, , 15, , 2
2019/1/9, 24, , 13, 1, 1
2019/1/10, 17, , 14, 7, 1
2019/1/11, 25, , 11, 1, 1
2019/1/12, 24, , 15, 1, 2
2019/1/13, 48, , 11, 6, 1
2019/1/14, 25, , 13, 2, 1
2019/1/15, 22, , 18, 1, 2
2019/1/16, 30, , 17, , 1
2019/1/17, 23, , 12, 1, 1
2019/1/18, 26, , 13, , 2
2019/1/19, 20, , 8, , 2
2019/1/20, 12, , 13, , 2
2019/1/21, 10, , 10, , 2
2019/1/22, 21, , 16, 3, 2
2019/1/23, 31, , 14, , 2
2019/1/24, 19, , 15, , 2
2019/1/25, 20, , 11, 1, 2
2019/1/26, 28, , 7, , 2
2019/1/27, 16, , 7, 2, 2
2019/1/28, 13, , 14, 3, 2
2019/1/29, 21, , 12, 1, 2
2019/1/30, 15, , 8, , 2
2019/1/31, 16, , 8, 1, 2
2019/2/1, 18, , 9, , 2
2019/2/2, 25, , 7, 1, 2
2019/2/3, 17, , 11, 3, 2
2019/2/4, 19, , 17, 2, 3
2019/2/5, 29, , 17, 1, 3
2019/2/6, 22, , 18, 1, 3
2019/2/7, 23, , 19, 1, 3
2019/2/8, 30, , 11, 4, 1
2019/2/9, 23, , 21, 1, 2
2019/2/10, 27, , 14, 1, 1
2019/2/11, 17, , 16, 1, 1
2019/2/12, 17, , 15, 1, 1
2019/2/13, 19, , 20, , 1
2019/2/14, 25, , 14, 1, 1
2019/2/15, 30, , 11, 2, 1
2019/2/16, 25, , 7, 1, 1
2019/2/17, 19, , 12, 16, 1
2019/2/18, 46, , 10, 2, 2
2019/2/19, 29, , 11, 2, 2
2019/2/20, 40, , 7, 1, 2
2019/2/21, 22, , 14, 1, 2
2019/2/22, 21, , 7, 1, 2
2019/2/23, 21, , 6, 2, 2
2019/2/24, 17, , 15, 1, 2
2019/2/25, 40, , 15, , 2
2019/2/26, 26, , 7, , 2
2019/2/27, 4, , 6, 1, 2
2019/2/28, 4, , 4, 1, 2
2019/3/1, 17, , 8, 4, 2
2019/3/2, 34, , 10, 9, 2
2019/3/3, 29, , 10, 3, 2
2019/3/4, 24, , 10, 162, 2
2019/3/5, 18, , 7, 1, 2
2019/3/6, 10, , 17, , 3
2019/3/7, 14, , 13, , 3
2019/3/8, 16, , 13, 10, 2
2019/3/9, 33, , 11, 3, 1
2019/3/10, 18, , 9, 1, 1
2019/3/11, 17, , 9, , 2
2019/3/12, 17, , 7, 1, 2
2019/3/13, 8, , 10, , 2
2019/3/14, 12, , 13, 1, 2
2019/3/15, 30, , 5, , 2
2019/3/16, 10, , 10, 2, 2
2019/3/17, 18, , 6, , 2
2019/3/18, 16, , 9, , 3
2019/3/19, 25, , 11, , 2
2019/3/20, 25, , 12, 9, 3
2019/3/21, 31, , 7, , 2
2019/3/22, 29, , 9, 4, 2
2019/3/23, 38, , 7, , 3
2019/3/24, 33, , 4, 1, 3
2019/3/25, 22, , 9, , 3
2019/3/26, 40, , 8, 5, 3
2019/3/27, 34, , 5, 3, 3
2019/3/28, 16, , 12, 2, 3
2019/3/29, 22, , 4, 4, 3
2019/3/30, 31, , 5, 2, 3
2019/3/31, 21, , 4, 1, 3
2018/10/1, 14, , 1, 1, 1
2018/10/2, 6, , 4, 2, 1
2018/10/3, 12, , 5, 1, 1
2018/10/4, 13, , 5, 4, 1
2018/10/5, 17, , 6, , 1
2018/10/6, 18, , 1, , 1
2018/10/7, 6, , 6, , 1
2018/10/8, 14, , 10, , 1
2018/10/9, 13, , 8, , 1
2018/10/10, 16, , 9, , 2
2018/10/11, 27, , 4, 1, 1
2018/10/12, 20, , 6, 2, 1
2018/10/13, 21, , 4, , 1
2018/10/14, 18, , 5, 1, 2
2018/10/15, 16, , 10, , 2
2018/10/16, 22, , 7, , 2
2018/10/17, 19, , 6, , 2
2018/10/18, 16, , 5, 1, 2
2018/10/19, 12, , 3, , 2
2018/10/20, 9, , 7, 2, 2
2018/10/21, 13, , 11, 1, 2
2018/10/22, 19, , 12, , 3
2018/10/23, 29, , 11, 1, 3
2018/10/24, 30, , 7, , 3
2018/10/25, 46, , 8, , 3
2018/10/26, 32, , 8, , 3
2018/10/27, 21, , 9, , 3
2018/10/29, 32, , 11, 1, 2
2018/10/30, 36, , 6, 1, 2
2018/10/31, 31, , 5, , 3
2018/11/1, 25, , 6, 3, 3
2018/11/2, 27, , 4, , 1
2018/11/3, 13, , 6, 1, 1
2018/11/4, 34, , 2, , 1
2018/11/5, 8, , 3, , 1
2018/11/6, 10, , 4, 1, 1
2018/11/7, 18, , 5, 1, 1
2018/11/8, 28, , 12, 1, 1
2018/11/9, 37, , 9, 1, 1
2018/11/10, 42, , 8, 1, 1
2018/11/11, 23, , 3, 1, 1
2018/11/12, 11, , 8, , 1
2018/11/13, 23, , 6, , 1
2018/11/14, 36, , 8, 5, 1
2018/11/15, 35, , 5, 6, 1
2018/11/16, 23, , 13, 1, 2
2018/11/17, 32, , 10, 1, 1
2018/11/18, 33, , 6, , 1
2018/11/19, 29, , 10, , 2
2018/11/20, 44, , 6, , 2
2018/11/21, 36, , 6, , 2
2018/11/22, 44, , 8, , 2
2018/11/23, 42, , 5, 1, 2
2018/11/24, 14, , 8, 1, 2
2018/11/25, 21, , 7, , 2
2018/11/26, 40, , 7, , 2
2018/11/27, 37, , 4, , 2
2018/11/28, 18, , 4, , 2
2018/11/29, 18, , 12, , 2
2018/11/30, 35, , 12, 1, 2
2018/12/1, 22, , 14, , 2
2018/12/2, 40, , 13, 1, 3
2018/12/3, 43, , 2, 2, 2
2018/12/4, 16, , 7, 2, 3
2018/12/5, 25, , 6, 2, 2
2018/12/6, 12, , 12, , 2
2018/12/7, 34, , 12, , 2
2018/12/8, 38, , 13, , 2
2018/12/9, 38, , 17, , 3
2018/12/10, 53, , 13, , 2
2018/12/11, 31, , 13, 1, 2
2018/12/12, 28, , 5, , 1
2018/12/13, 12, , 12, , 1
2018/12/14, 11, , 15, 1, 1
2018/12/15, 29, , 9, 3, 1
2018/12/16, 37, , 7, , 1
2018/12/17, 26, , 8, , 1
2018/12/18, 22, , 12, , 2
2018/12/19, 24, , 11, , 2
2018/12/20, 34, , 10, , 2
2018/12/21, 20, , 4, 3, 2
2018/12/22, 15, , 6, , 2
2018/12/23, 11, , 11, 1, 2
2018/12/24, 33, , 7, 1, 2
2018/12/25, 17, , 8, 6, 2
2018/12/26, 21, , 6, 1, 2
2018/12/27, 17, , 10, , 2
2018/12/28, 17, , 12, 1, 2
2018/12/29, 23, , 9, , 2
2018/12/30, 12, , 15, 3, 2
2018/12/31, 27, , , , 
2018/7/1, 21, , 4, 1, 2
2018/7/2, 22, , 2, , 1
2018/7/3, 14, , 5, 1, 1
2018/7/4, 19, , 3, , 2
2018/7/5, 12, , 3, , 2
2018/7/6, 18, , 1, 1, 2
2018/7/7, 15, , 3, , 2
2018/7/8, 13, , 2, , 1
2018/7/9, 22, , 3, 1, 1
2018/7/10, 19, , 3, 3, 1
2018/7/11, 36, , 3, 2, 1
2018/7/12, 32, , 1, , 1
2018/7/13, 16, , 1, , 1
2018/7/14, 15, , 1, 7, 1
2018/7/15, 18, , 2, 1, 1
2018/7/16, 29, , 4, 19, 1
2018/7/17, 26, , 3, , 2
2018/7/18, 25, , 3, 5, 2
2018/7/19, 28, , 5, 1, 2
2018/7/20, 22, , 1, , 2
2018/7/21, 21, , 2, 2, 2
2018/7/22, 31, , 1, 1, 2
2018/7/23, 11, , 2, 1, 2
2018/7/24, 19, , 2, 7, 2
2018/7/25, 21, , 3, , 3
2018/7/26, 43, , 3, , 3
2018/7/27, 46, , 3, , 3
2018/7/28, 50, , 4, 1, 3
2018/7/29, 43, , 7, 1, 3
2018/7/30, 21, , 5, , 3
2018/7/31, 13, , 2, , 3
2018/8/1, 23, , 2, , 3
2018/8/2, 26, , 2, 1, 3
2018/8/3, 27, , 2, 2, 3
2018/8/4, 14, , 2, , 3
2018/8/5, 34, , 1, , 3
2018/8/6, 37, , 1, , 5
2018/8/7, 90, , 3, 1, 5
2018/8/8, 99, , 5, 1, 4
2018/8/9, 127, , 4, 1, 8
2018/8/10, 217, , 2, 4, 1
2018/8/11, 37, , 4, 2, 1
2018/8/12, 23, , 2, , 1
2018/8/13, 45, , 4, 1, 3
2018/8/14, 102, , 4, 3, 2
2018/8/15, 75, , 3, 1, 2
2018/8/16, 56, , 2, 1, 5
2018/8/17, 152, , 3, 3, 4
2018/8/18, 94, , 3, 2, 1
2018/8/19, 44, , 3, 1, 2
2018/8/20, 74, , 5, 1, 4
2018/8/21, 128, , 4, 2, 4
2018/8/22, 95, , 1, , 1
2018/8/23, 14, , 4, 7, 1
2018/8/24, 17, , 4, 3, 1
2018/8/25, 23, , 2, , 2
2018/8/26, 26, , 6, 1, 1
2018/8/27, 21, , 3, , 2
2018/8/28, 39, , 3, 6, 3
2018/8/29, 58, , 2, 1, 2
2018/8/30, 30, , 2, , 2
2018/8/31, 11, , 1, 1, 2
2018/9/1, 27, , 4, , 2
2018/9/2, 18, , 2, 1, 2
2018/9/3, 29, , 4, 2, 2
2018/9/4, 13, , 4, 3, 2
2018/9/5, 19, , 4, , 2
2018/9/6, 19, , 3, , 2
2018/9/7, 21, , 3, 1, 2
2018/9/8, 19, , 1, 1, 2
2018/9/9, 18, , 3, , 2
2018/9/10, 35, , 2, , 3
2018/9/11, 14, , 3, , 1
2018/9/12, 12, , 5, 3, 1
2018/9/13, 17, , 4, , 1
2018/9/14, 15, , 4, 2, 1
2018/9/15, 23, , 5, , 1
2018/9/16, 24, , 5, , 1
2018/9/17, 17, , 6, 2, 1
2018/9/18, 16, , 8, 3, 1
2018/9/19, 28, , 7, 4, 1
2018/9/20, 29, , 9, 6, 1
2018/9/21, 27, , 8, 1, 1
2018/9/22, 18, , 5, , 1
2018/9/23, 17, , 5, 1, 1
2018/9/24, 23, , 7, , 1
2018/9/25, 21, , 3, 2, 1
2018/9/26, 12, , 5, 1, 1
2018/9/27, 17, , 6, 2, 1
2018/9/28, 18, , 3, 2, 1
2018/9/29, 20, , 3, , 1
2018/9/30, 8, , 5, 5, 1
2018/4/1, 21, , 6, 6, 3
2018/4/2, 17, , 7, 6, 3
2018/4/3, 32, , 6, 1, 3
2018/4/4, 22, , 6, 1, 2
2018/4/5, 23, , 7, 1, 1
2018/4/6, 18, , 6, , 1
2018/4/7, 22, , 5, , 1
2018/4/8, 19, , 6, , 2
2018/4/9, 22, , 4, , 1
2018/4/10, 23, , 4, 1, 1
2018/4/11, 34, , 8, 1, 1
2018/4/12, 25, , 6, , 2
2018/4/13, 27, , 7, , 2
2018/4/14, 45, , 7, , 2
2018/4/15, 16, , 3, , 2
2018/4/16, 31, , 7, , 2
2018/4/17, 17, , 3, , 2
2018/4/18, 30, , 7, , 2
2018/4/19, 23, , 3, , 3
2018/4/20, 13, , 4, , 3
2018/4/21, 20, , 4, 2, 3
2018/4/22, 22, , 7, 1, 3
2018/4/23, 20, , 3, , 3
2018/4/24, 30, , 2, 1, 3
2018/4/25, 22, , 3, 1, 3
2018/4/26, 20, , 5, , 3
2018/4/27, 30, , 4, 4, 3
2018/4/28, 62, , 2, , 3
2018/4/29, 20, , 4, , 3
2018/4/30, 23, , 3, 2, 3
2018/5/1, 25, , 3, , 3
2018/5/2, 22, , 2, , 3
2018/5/3, 21, , 1, , 3
2018/5/4, 19, , 5, 1, 4
2018/5/5, 28, , 6, , 3
2018/5/6, 26, , 3, , 2
2018/5/7, 14, , 2, 1, 
2018/5/8, 17, , 3, , 1
2018/5/9, 20, , 3, , 1
2018/5/10, 24, , 4, , 1
2018/5/11, 27, , 5, , 1
2018/5/12, 21, , 2, 3, 1
2018/5/13, 22, , 2, , 1
2018/5/14, 18, , 3, 4, 1
2018/5/15, 35, , 3, , 1
2018/5/16, 22, , 3, , 1
2018/5/17, 25, , 5, 1, 1
2018/5/18, 26, , 4, 1, 1
2018/5/19, 31, , 3, , 1
2018/5/20, 21, , 3, , 1
2018/5/21, 33, , 4, , 1
2018/5/22, 40, , 5, 1, 1
2018/5/23, 59, , 4, , 2
2018/5/24, 86, , 4, 4, 2
2018/5/25, 59, , 1, 1, 1
2018/5/26, 36, , 4, , 2
2018/5/27, 22, , 2, , 1
2018/5/28, 27, , 1, 1, 2
2018/5/29, 14, , 2, , 2
2018/5/30, 17, , 3, , 2
2018/5/31, 22, , 1, , 2
2018/6/1, 18, , 1, 4, 2
2018/6/2, 25, , 3, 1, 2
2018/6/3, 16, , 1, , 2
2018/6/4, 12, , 1, , 2
2018/6/5, 12, , 2, 1, 2
2018/6/6, 19, , 1, , 2
2018/6/7, 10, , 3, , 2
2018/6/8, 44, , 2, , 2
2018/6/9, 38, , 4, , 2
2018/6/10, 27, , 1, , 3
2018/6/11, 18, , 4, , 3
2018/6/12, 9, , 1, , 3
2018/6/13, 11, , 2, , 1
2018/6/14, 14, , 3, 7, 1
2018/6/15, 33, , 3, 6, 
2018/6/16, 36, , 3, , 1
2018/6/17, 17, , 1, , 
2018/6/18, 12, , 5, , 1
2018/6/25, 58, , 2, , 1
2018/6/26, 11, , 1, , 1
2018/6/27, 13, , 1, , 1
2018/6/28, 10, , 1, , 1
2018/6/29, 11, , 2, , 1
2018/6/30, 18, , 2, 1, 1
2018/3/26, 21, , 10, , 3
2018/3/27, 22, , 9, 3, 3
2018/3/28, 29, , 9, 12, 2
2018/3/29, 23, , 6, 4, 2
2018/3/30, 13, , 4, , 2
2018/3/31, 11, , 6, 9, 3
2017/10/1, 8, , 3, 2, 
2017/10/2, 14, , 7, , 
2017/10/3, 15, , 8, 2, 1
2017/10/4, 18, , 5, , 1
2017/10/5, 17, , 3, , 
2017/10/6, 25, , 3, , 1
2017/10/7, 12, , 1, , 1
2017/10/8, 10, , 5, , 1
2017/10/9, 13, , 6, 6, 1
2017/10/10, 13, , 4, , 1
2017/10/11, 11, , 3, 1, 1
2017/10/12, 13, , 3, 1, 1
2017/10/13, 15, , 3, , 1
2017/10/14, 26, , 7, , 2
2017/10/15, 21, , 8, , 1
2017/10/16, 22, , 9, 1, 1
2017/10/17, 19, , 3, , 1
2017/10/18, 14, , 4, , 1
2017/10/19, 16, , 5, , 2
2017/10/20, 18, , 10, 2, 2
2017/10/21, 27, , 13, 5, 2
2017/10/22, 54, , 7, 2, 2
2017/10/23, 28, , 5, , 2
2017/10/24, 7, , 3, 2, 2
2017/10/25, 14, , 4, 1, 2
2017/10/26, 14, , 7, , 2
2017/10/27, 20, , 4, , 2
2017/10/28, 16, , 3, 2, 2
2017/10/30, 11, , 10, 1, 2
2017/10/31, 20, , 9, , 2
2017/11/1, 23, , 2, , 2
2017/11/2, 12, , 5, 4, 1
2017/11/3, 15, , 4, 1, 
2017/11/4, 12, , 7, 1, 1
2017/11/5, 34, , 1, , 1
2017/11/6, 14, , 5, , 1
2017/11/7, 16, , 4, , 1
2017/11/8, 14, , 7, , 1
2017/11/9, 24, , 10, 1, 1
2017/11/10, 33, , 6, 1, 1
2017/11/11, 19, , 5, 1, 1
2017/11/12, 53, , 6, , 2
2017/11/13, 40, , 4, 1, 1
2017/11/14, 43, , 9, 1, 1
2017/11/15, 21, , 4, , 1
2017/11/16, 12, , 5, , 1
2017/11/17, 15, , 3, , 1
2017/11/18, 20, , 14, 5, 2
2017/11/19, 39, , 12, 1, 1
2017/11/20, 21, , 3, , 1
2017/11/21, 12, , 7, , 2
2017/11/22, 19, , , , 
2017/11/25, 27, , 12, 4, 2
2017/11/26, 26, , 8, 1, 2
2017/11/27, 11, , 5, , 2
2017/11/28, 6, , 11, , 2
2017/11/29, 33, , 16, 5, 3
2017/11/30, 37, , 14, , 3
2017/12/1, 16, , 18, , 4
2017/12/2, 23, , 17, , 4
2017/12/3, 41, , 10, 1, 3
2017/12/4, 15, , 12, , 2
2017/12/5, 14, , 11, 2, 1
2017/12/6, 22, , 16, , 2
2017/12/7, 32, , 23, , 4
2017/12/8, 33, , 22, , 3
2017/12/9, 37, , 13, , 2
2017/12/10, 43, , 14, 4, 2
2017/12/11, 28, , 15, 1, 2
2017/12/12, 21, , 16, , 3
2017/12/13, 39, , 14, 2, 2
2017/12/14, 40, , 9, , 2
2017/12/15, 13, , 7, , 2
2017/12/16, 14, , 7, , 2
2017/12/17, 22, , 5, , 2
2017/12/18, 11, , 2, 4, 2
2017/12/19, 6, , 12, 1, 2
2017/12/20, 27, , 10, , 2
2017/12/21, 21, , 11, 2, 2
2017/12/22, 17, , 2, , 2
2017/12/23, 5, , 16, 2, 3
2017/12/24, 26, , 10, 1, 2
2017/12/25, 21, , 11, , 2
2017/12/26, 18, , 15, , 4
2017/12/27, 23, , 16, , 4
2017/12/28, 24, , 16, , 3
2017/12/29, 19, , 19, , 3
2017/12/30, 25, , 18, , 3
2017/12/31, 25, , 13, 1, 3
2018/1/1, 30, , , , 
2017/7/1, 21, , 3, , 2
2017/7/2, 18, , 1, , 2
2017/7/3, 10, , 1, , 2
2017/7/4, 15, , 1, 2, 1
2017/7/5, 12, , 3, 3, 1
2017/7/6, 4, , 4, 1, 
2017/7/7, 18, , 3, 1, 1
2017/7/8, 38, , 3, , 1
2017/7/9, 54, , 2, , 1
2017/7/10, 40, , 5, 8, 2
2017/7/11, 56, , 3, , 2
2017/7/12, 26, , 3, 2, 2
2017/7/13, 44, , 3, 4, 2
2017/7/14, 41, , 2, , 2
2017/7/15, 56, , 2, 2, 2
2017/7/16, 61, , 1, 2, 1
2017/7/17, 7, , 2, 3, 2
2017/7/18, 14, , 1, , 2
2017/7/19, 25, , 3, , 2
2017/7/20, 28, , 3, , 2
2017/7/21, 41, , 1, , 2
2017/7/22, 42, , 1, , 1
2017/7/23, 22, , 2, 1, 2
2017/7/24, 37, , 3, , 2
2017/7/25, 30, , 2, , 2
2017/7/26, 10, , 3, 1, 2
2017/7/27, 18, , 1, 2, 2
2017/7/28, 15, , 3, 4, 2
2017/7/29, 22, , 2, 1, 2
2017/7/30, 36, , 1, 2, 2
2017/7/31, 17, , 3, 2, 3
2017/8/1, 34, , 3, , 2
2017/8/2, 37, , 2, 2, 3
2017/8/3, 38, , 4, 1, 3
2017/8/4, 45, , 3, , 3
2017/8/5, 27, , 4, , 3
2017/8/6, 32, , 4, 5, 3
2017/8/7, 27, , 3, 1, 3
2017/8/8, 27, , 3, , 3
2017/8/9, 25, , 3, , 3
2017/8/10, 31, , 4, , 3
2017/8/11, 31, , 4, , 3
2017/8/12, 36, , 2, , 3
2017/8/13, 31, , 2, , 5
2017/8/14, 64, , 1, , 4
2017/8/15, 54, , 2, , 3
2017/8/16, 25, , 4, , 4
2017/8/17, 37, , 2, , 3
2017/8/18, 48, , 1, , 1
2017/8/19, 7, , 1, , 1
2017/8/20, 11, , 2, , 1
2017/8/21, 18, , 6, 4, 2
2017/8/22, 44, , 3, 1, 1
2017/8/23, 26, , 3, , 2
2017/8/24, 21, , 1, , 1
2017/8/25, 8, , 2, , 1
2017/8/26, 14, , 1, , 1
2017/8/27, 20, , 2, , 2
2017/8/28, 17, , 4, 4, 2
2017/8/29, 25, , 3, , 2
2017/8/30, 44, , 4, , 2
2017/8/31, 48, , 3, , 1
2017/9/1, 14, , 1, , 1
2017/9/2, 14, , 1, 4, 1
2017/9/3, 27, , 2, 2, 2
2017/9/4, 40, , 3, , 1
2017/9/5, 20, , , , 
2017/9/10, 5, , 6, , 2
2017/9/11, 13, , 1, 1, 1
2017/9/12, 10, , 4, 1, 2
2017/9/13, 16, , 6, 6, 2
2017/9/14, 23, , 5, , 2
2017/9/15, 23, , 6, , 2
2017/9/16, 23, , 4, , 2
2017/9/17, 32, , 3, , 2
2017/9/18, 37, , 2, , 3
2017/9/19, 65, , 1, , 2
2017/9/20, 12, , 1, 1, 2
2017/9/21, 16, , 4, 1, 2
2017/9/22, 25, , 4, , 2
2017/9/23, 25, , 4, , 2
2017/9/24, 24, , 5, , 3
2017/9/25, 16, , 4, , 3
2017/9/26, 15, , 9, 4, 3
2017/9/27, 30, , 7, , 3
2017/9/28, 23, , 8, , 3
2017/9/29, 32, , 6, , 3
2017/9/30, 33, , 1, 2, 3
2017/4/1, 13, , 5, , 3
2017/4/2, 15, , 6, 5, 3
2017/4/3, 21, , 5, , 3
2017/4/4, 15, , 5, , 2
2017/4/5, 15, , 4, , 1
2017/4/6, 17, , 9, 2, 1
2017/4/7, 22, , 2, , 1
2017/4/8, 17, , 2, , 1
2017/4/9, 23, , 5, , 1
2017/4/10, 29, , 3, , 1
2017/4/11, 23, , 5, 4, 1
2017/4/12, 22, , 8, , 1
2017/4/13, 25, , 1, , 1
2017/4/14, 17, , 7, 3, 1
2017/4/15, 15, , 3, 1, 2
2017/4/16, 20, , 3, , 2
2017/4/17, 17, , 4, , 1
2017/4/18, 19, , 7, 1, 2
2017/4/19, 22, , 6, , 2
2017/4/20, 24, , 8, , 2
2017/4/21, 23, , 4, , 2
2017/4/22, 20, , 2, , 2
2017/4/23, 15, , 1, , 2
2017/4/24, 17, , 4, , 2
2017/4/25, 18, , 4, , 2
2017/4/26, 21, , 5, , 2
2017/4/27, 25, , 6, 1, 2
2017/4/28, 26, , 4, , 2
2017/4/29, 26, , 4, , 2
2017/4/30, 26, , 4, 7, 3
2017/5/1, 29, , 6, 2, 3
2017/5/2, 31, , 6, 1, 3
2017/5/3, 12, , 2, 5, 2
2017/5/4, 7, , 4, 1, 3
2017/5/5, 16, , 1, 1, 3
2017/5/6, 25, , 1, , 3
2017/5/7, 14, , 4, , 3
2017/5/8, 10, , 5, , 2
2017/5/9, 18, , 2, , 1
2017/5/10, 19, , 2, , 1
2017/5/11, 14, , 1, , 1
2017/5/12, 10, , 1, , 1
2017/5/13, 14, , 1, , 1
2017/5/14, 9, , 1, , 1
2017/5/15, 9, , 5, , 1
2017/5/16, 10, , 5, , 1
2017/5/17, 16, , 7, , 1
2017/5/18, 28, , 4, , 1
2017/5/19, 14, , 3, , 1
2017/5/20, 16, , 3, 2, 1
2017/5/21, 19, , 3, , 2
2017/5/22, 23, , 4, , 1
2017/5/23, 20, , 4, , 1
2017/5/24, 42, , 2, 2, 2
2017/5/25, 21, , 4, 7, 2
2017/5/26, 30, , 4, 4, 2
2017/5/27, 33, , 2, 4, 2
2017/5/28, 20, , 4, 8, 2
2017/5/29, 27, , 5, , 2
2017/5/30, 40, , 4, , 1
2017/5/31, 41, , 1, , 2
2017/6/1, 19, , 5, 24, 3
2017/6/2, 55, , 1, 2, 2
2017/6/3, 18, , 4, 6, 3
2017/6/4, 30, , 4, 1, 2
2017/6/5, 31, , 3, , 1
2017/6/6, 13, , 5, , 1
2017/6/7, 19, , 3, , 1
2017/6/8, 16, , 2, , 1
2017/6/9, 33, , 2, 3, 1
2017/6/10, 14, , 1, 1, 1
2017/6/11, 10, , 3, 1, 1
2017/6/12, 18, , 4, 6, 1
2017/6/13, 35, , 2, 4, 1
2017/6/14, 10, , 4, 1, 1
2017/6/15, 23, , 2, , 1
2017/6/16, 17, , 2, , 1
2017/6/17, 7, , 3, , 1
2017/6/18, 18, , 1, 2, 1
2017/6/19, 26, , 4, , 2
2017/6/20, 44, , 1, 2, 1
2017/6/21, 8, , 1, 2, 1
2017/6/22, 11, , 3, 3, 2
2017/6/23, 18, , 4, 1, 2
2017/6/24, 22, , 3, , 2
2017/6/25, 31, , 3, , 2
2017/6/26, 26, , 3, , 2
2017/6/27, 37, , 3, , 2
2017/6/28, 26, , 4, 7, 2
2017/6/29, 42, , 4, 1, 3
2017/6/30, 41, , 1, , 2
2017/1/3, 17, , 6, , 2
2017/1/4, 17, , 12, 1, 3
2017/1/5, 19, , 8, , 3
2017/1/6, 16, , 16, 6, 2
2017/1/7, 34, , 9, 2, 1
2017/1/8, 35, , 13, 1, 1
2017/1/9, 21, , 13, , 1
2017/1/10, 17, , 16, 1, 1
2017/1/11, 24, , 10, 1, 1
2017/1/12, 29, , 12, 1, 2
2017/1/13, 24, , 22, , 3
2017/1/14, 35, , 14, , 3
2017/1/15, 24, , 23, , 3
2017/1/16, 29, , 18, , 3
2017/1/17, 21, , 16, , 3
2017/1/18, 28, , 10, , 3
2017/1/19, 22, , 9, 9, 2
2017/1/20, 40, , 14, 2, 3
2017/1/21, 53, , 6, 2, 2
2017/1/22, 28, , 6, , 2
2017/1/23, 14, , 14, 8, 3
2017/1/24, 48, , 11, 1, 3
2017/1/25, 37, , 13, , 4
2017/1/26, 46, , 17, , 5
2017/1/27, 38, , 16, , 4
2017/1/28, 18, , 24, , 5
2017/1/29, 32, , 16, , 4
2017/1/30, 19, , 4, 3, 3
2017/1/31, 10, , 5, 1, 3
2017/2/1, 15, , 15, 1, 2
2017/2/2, 25, , 20, , 2
2017/2/3, 36, , 10, 1, 1
2017/2/4, 18, , 11, 1, 1
2017/2/5, 26, , 14, 5, 1
2017/2/6, 37, , 15, 1, 1
2017/2/7, 31, , 12, , 1
2017/2/8, 18, , 12, , 1
2017/2/9, 11, , 21, 3, 2
2017/2/10, 27, , 21, 1, 2
2017/2/11, 40, , 7, , 1
2017/2/12, 32, , 1, , 1
2017/2/13, 3, , 13, , 2
2017/2/14, 16, , 12, , 2
2017/2/15, 21, , 16, , 3
2017/2/16, 43, , 14, , 2
2017/2/17, 21, , 12, , 2
2017/2/18, 25, , 7, 2, 2
2017/2/19, 21, , 4, , 2
2017/2/20, 13, , 6, , 2
2017/2/21, 14, , 1, , 2
2017/2/22, 12, , 7, 4, 2
2017/2/23, 23, , 7, 2, 2
2017/2/24, 20, , 11, 3, 2
2017/2/25, 23, , 9, 3, 2
2017/2/26, 22, , 5, 3, 2
2017/2/27, 28, , 7, , 2
2017/2/28, 26, , 7, 10, 2
2017/3/1, 22, , 6, 2, 1
2017/3/2, 23, , 8, , 1
2017/3/3, 23, , 6, 3, 1
2017/3/4, 31, , 3, 1, 1
2017/3/5, 14, , 11, 1, 1
2017/3/6, 28, , 10, 6, 1
2017/3/7, 31, , 3, 6, 1
2017/3/8, 30, , 8, 6, 1
2017/3/9, 33, , 11, 6, 1
2017/3/10, 40, , 10, 1, 1
2017/3/11, 40, , 6, 1, 1
2017/3/12, 35, , 5, , 1
2017/3/13, 23, , 7, , 1
2017/3/14, 22, , 16, , 2
2017/3/15, 42, , 9, , 1
2017/3/16, 21, , 7, , 2
2017/3/17, 29, , 10, 18, 2
2017/3/18, 32, , 7, 3, 2
2017/3/19, 28, , 2, , 2
2017/3/20, 17, , 6, 4, 2
2017/3/21, 27, , 6, , 2
2017/3/22, 24, , 4, , 2
2017/3/23, 24, , 6, 2, 2
2017/3/24, 23, , 7, 1, 3
2017/3/25, 25, , 5, , 2
2017/3/26, 30, , 6, , 3
2017/3/27, 28, , 5, , 3
2017/3/28, 25, , 5, , 3
2017/3/29, 33, , 2, , 3
2017/3/30, 25, , 5, 1, 3
2017/3/31, 30, , 2, 1, 3
2016/10/1, 17, , 2, 1, 3
2016/10/2, 11, , 4, , 3
2016/10/3, 26, , 4, 4, 3
2016/10/4, 14, , 5, , 3
2016/10/5, 16, , 4, 1, 3
2016/10/6, 16, , 4, , 3
2016/10/7, 22, , 5, , 3
2016/10/8, 19, , 3, , 3
2016/10/9, 13, , , , 
2016/10/11, 20, , 3, 10, 3
2016/10/12, 29, , 4, 1, 4
2016/10/13, 22, , 2, , 3
2016/10/14, 12, , 6, , 4
2016/10/15, 16, , 3, , 4
2016/10/16, 12, , 8, 2, 4
2016/10/17, 23, , 7, 1, 4
2016/10/18, 22, , 8, , 4
2016/10/19, 24, , 9, 1, 5
2016/10/20, 47, , 7, , 5
2016/10/21, 35, , 7, , 5
2016/10/22, 29, , 12, 5, 5
2016/10/23, 57, , 2, 1, 5
2016/10/24, 17, , 1, , 4
2016/10/25, 13, , 3, , 5
2016/10/26, 18, , 6, 1, 5
2016/10/27, 15, , 6, 3, 5
2016/10/28, 18, , 5, 1, 5
2016/10/29, 27, , 5, 4, 5
2016/10/31, 23, , 2, , 5
2016/11/1, 7, , 3, 2, 5
2016/11/2, 10, , 10, 2, 5
2016/11/3, 26, , 9, , 6
2016/11/4, 38, , 14, , 6
2016/11/5, 31, , 9, , 6
2016/11/6, 34, , 12, , 7
2016/11/7, 31, , 17, , 5
2016/11/8, 27, , 8, , 1
2016/11/9, 19, , 4, , 1
2016/11/10, 17, , 11, , 2
2016/11/11, 23, , 4, , 1
2016/11/12, 18, , 12, , 2
2016/11/13, 29, , 8, , 2
2016/11/14, 23, , 4, , 1
2016/11/15, 13, , 9, , 2
2016/11/16, 24, , 10, , 2
2016/11/17, 22, , 2, 1, 1
2016/11/18, 10, , 3, , 1
2016/11/19, 11, , 2, 1, 1
2016/11/20, 5, , 4, , 1
2016/11/21, 12, , 7, , 1
2016/11/22, 33, , 9, , 1
2016/11/23, 28, , 7, , 2
2016/11/24, 23, , 9, , 2
2016/11/25, 31, , 6, , 2
2016/11/26, 24, , 10, , 3
2016/11/27, 40, , 15, 3, 2
2016/11/28, 35, , 9, 1, 2
2016/11/29, 44, , 6, , 2
2016/11/30, 20, , 6, , 2
2016/12/1, 16, , 8, , 2
2016/12/2, 49, , 10, , 3
2016/12/3, 59, , 12, , 3
2016/12/4, 32, , 3, , 2
2016/12/5, 11, , 1, , 2
2016/12/6, 16, , 4, , 2
2016/12/7, 14, , 11, , 2
2016/12/8, 21, , 19, , 2
2016/12/9, 22, , 19, , 3
2016/12/10, 19, , 15, , 3
2016/12/11, 30, , 2, , 2
2016/12/12, 20, , 10, , 2
2016/12/13, 15, , 8, 2, 1
2016/12/14, 16, , 21, , 2
2016/12/15, 34, , 13, 4, 2
2016/12/16, 23, , 17, , 2
2016/12/17, 24, , 11, , 2
2016/12/18, 18, , 15, 1, 2
2016/12/19, 41, , 15, 2, 2
2016/12/20, 39, , 24, 1, 4
2016/12/21, 42, , 20, , 3
2016/12/22, 18, , 6, 1, 2
2016/12/23, 18, , 8, 2, 2
2016/12/24, 26, , 8, , 2
2016/12/25, 18, , 4, , 2
2016/12/26, 17, , 7, 1, 2
2016/12/27, 18, , 14, 1, 3
2016/12/28, 32, , 13, 4, 2
2016/12/29, 21, , 21, , 2
2016/12/30, 24, , 10, , 3
2016/12/31, 25, , 14, 1, 2
2017/1/1, 34, , 7, 2, 2
2017/1/2, 18, , 7, , 2
2016/7/1, 22, , 1, , 3
2016/7/2, 20, , 1, , 3
2016/7/3, 23, , 1, , 3
2016/7/4, 12, , 3, 16, 4
2016/7/5, 55, , 2, 5, 4
2016/7/6, 44, , 5, 13, 2
2016/7/7, 17, , 4, 6, 1
2016/7/8, 18, , 6, 4, 1
2016/7/9, 32, , 1, 1, 1
2016/7/10, 38, , 3, 6, 1
2016/7/11, 49, , 3, 4, 1
2016/7/12, 22, , 4, 7, 1
2016/7/13, 28, , 4, 8, 1
2016/7/14, 33, , 4, 3, 1
2016/7/15, 42, , 2, 1, 2
2016/7/16, 54, , 4, 4, 2
2016/7/17, 65, , 4, 1, 2
2016/7/18, 64, , 3, , 2
2016/7/19, 36, , 4, 6, 2
2016/7/20, 59, , 1, 3, 2
2016/7/21, 4, , 2, 1, 1
2016/7/22, 128, , 2, 2, 2
2016/7/23, 27, , 2, , 2
2016/7/24, 9, , 2, 4, 2
2016/7/25, 9, , 3, 2, 2
2016/7/26, 22, , 4, 6, 2
2016/7/27, 40, , 3, 3, 2
2016/7/28, 36, , 1, , 2
2016/7/29, 20, , 3, 1, 2
2016/7/30, 18, , 4, 3, 2
2016/7/31, 24, , 1, 2, 2
2016/8/1, 17, , 1, 3, 3
2016/8/2, 15, , 3, 6, 3
2016/8/3, 27, , 3, 13, 3
2016/8/4, 28, , 6, 3, 3
2016/8/5, 35, , 3, 5, 3
2016/8/6, 42, , 3, 2, 3
2016/8/7, 26, , 4, 1, 3
2016/8/8, 31, , 2, , 2
2016/8/9, 27, , 2, , 1
2016/8/10, 32, , 2, 7, 1
2016/8/11, 30, , 3, 5, 1
2016/8/12, 24, , 2, , 1
2016/8/13, 19, , 1, , 1
2016/8/14, 22, , 2, , 1
2016/8/15, 15, , 3, 31, 1
2016/8/16, 26, , 1, , 2
2016/8/17, 34, , 1, 6, 2
2016/8/18, 16, , 4, 1, 2
2016/8/19, 17, , 2, 1, 2
2016/8/20, 18, , 3, 2, 2
2016/8/21, 28, , 4, 1, 2
2016/8/22, 32, , 5, 2, 2
2016/8/23, 21, , 4, 2, 2
2016/8/24, 26, , 3, 5, 2
2016/8/25, 24, , 4, 1, 2
2016/8/26, 19, , 3, 1, 2
2016/8/27, 28, , 1, 4, 2
2016/8/28, 14, , 3, 4, 2
2016/8/29, 15, , 2, , 2
2016/8/30, 15, , 2, , 2
2016/8/31, 19, , 2, , 3
2016/9/1, 26, , 1, , 1
2016/9/2, 9, , 1, , 1
2016/9/3, 10, , 1, , 1
2016/9/4, 14, , 1, , 1
2016/9/5, 18, , 5, 1, 1
2016/9/6, 23, , 3, , 1
2016/9/7, 19, , 4, , 1
2016/9/8, 22, , 3, 7, 1
2016/9/9, 19, , 1, , 1
2016/9/10, 19, , 2, 2, 1
2016/9/11, 14, , 6, , 1
2016/9/12, 21, , 4, , 1
2016/9/13, 18, , 4, 5, 1
2016/9/14, 24, , 3, 1, 1
2016/9/15, 23, , 5, , 2
2016/9/16, 21, , 4, , 1
2016/9/17, 20, , 3, 5, 2
2016/9/18, 17, , 2, 2, 2
2016/9/19, 14, , 6, 8, 2
2016/9/20, 26, , 5, 1, 2
2016/9/21, 28, , 7, , 2
2016/9/22, 29, , 5, , 2
2016/9/23, 39, , 2, , 2
2016/9/24, 15, , 4, , 2
2016/9/25, 8, , 6, , 2
2016/9/26, 13, , 2, , 2
2016/9/27, 6, , 9, , 2
2016/9/28, 21, , 6, , 2
2016/9/29, 25, , 6, 5, 2
2016/9/30, 30, , 3, , 3
2016/4/1, 14, , 3, 5, 3
2016/4/2, 15, , 4, 4, 3
2016/4/3, 17, , 4, , 3
2016/4/4, 16, , 5, 1, 3
2016/4/5, 19, , 4, 3, 3
2016/4/6, 18, , 3, 1, 4
2016/4/7, 15, , 2, , 4
2016/4/8, 13, , 3, 2, 4
2016/4/9, 13, , 3, 3, 4
2016/4/10, 19, , 6, , 4
2016/4/11, 21, , 5, 3, 4
2016/4/12, 23, , 4, , 4
2016/4/13, 21, , 3, 1, 4
2016/4/14, 15, , 3, , 4
2016/4/15, 11, , 4, , 4
2016/4/16, 13, , 4, , 4
2016/4/17, 18, , 3, , 4
2016/4/18, 17, , 2, , 4
2016/4/19, 18, , 2, 2, 4
2016/4/20, 13, , 2, , 4
2016/4/21, 15, , 4, , 2
2016/4/22, 14, , 2, , 1
2016/4/23, 16, , 2, , 1
2016/4/24, 28, , 2, , 1
2016/4/25, 19, , 4, , 1
2016/4/26, 20, , 3, 3, 1
2016/4/27, 16, , 4, , 1
2016/4/28, 26, , 3, , 1
2016/4/29, 26, , 5, 1, 2
2016/4/30, 22, , 5, , 2
2016/5/1, 15, , 6, , 7
2016/5/2, 111, , 8, 6, 17
2016/5/3, 150, , 19, 20, 71
2016/5/4, 578, , 2, 6, 7
2016/5/5, 129, , 8, 4, 41
2016/5/6, 363, , 16, 3, 88
2016/5/7, 673, , 4, 2, 16
2016/5/8, 194, , 4, 1, 2
2016/5/9, 19, , 1, , 11
2016/5/10, 79, , 3, , 4
2016/5/11, 51, , 1, , 3
2016/5/12, 37, , 5, 1, 33
2016/5/13, 305, , 7, 1, 47
2016/5/14, 443, , 8, 1, 60
2016/5/15, 497, , 7, 1, 44
2016/5/16, 414, , 7, 2, 26
2016/5/17, 285, , 6, 1, 26
2016/5/18, 267, , 1, , 3
2016/5/19, 57, , 4, 1, 5
2016/5/20, 131, , 1, , 5
2016/5/21, 87, , , , 2
2016/5/22, 29, , 2, 1, 5
2016/5/23, 94, , 2, , 10
2016/5/24, 105, , 2, , 11
2016/5/25, 146, , 1, , 4
2016/5/26, 59, , 1, , 4
2016/5/27, 55, , 1, , 3
2016/5/28, 39, , 1, , 3
2016/5/29, 27, , 1, 3, 3
2016/5/30, 33, , 2, 1, 3
2016/5/31, 22, , 2, , 3
2016/6/1, 33, , 2, , 3
2016/6/2, 32, , 1, 5, 1
2016/6/3, 11, , 2, 2, 1
2016/6/4, 13, , 2, 2, 1
2016/6/5, 20, , 1, 1, 2
2016/6/6, 20, , 1, 7, 1
2016/6/7, 26, , 5, 3, 2
2016/6/8, 70, , 1, , 2
2016/6/9, 26, , 2, 4, 2
2016/6/10, 21, , 2, , 2
2016/6/11, 32, , 1, , 2
2016/6/12, 16, , 1, , 2
2016/6/13, 9, , 3, , 2
2016/6/14, 23, , 1, , 2
2016/6/15, 16, , 1, , 2
2016/6/16, 11, , 1, , 2
2016/6/17, 13, , 1, 2, 2
2016/6/18, 12, , 1, 4, 2
2016/6/19, 17, , 3, 5, 2
2016/6/20, 19, , 3, , 2
2016/6/21, 32, , 2, , 2
2016/6/22, 17, , 2, 6, 3
2016/6/23, 41, , 4, 2, 3
2016/6/24, 46, , 2, 6, 3
2016/6/25, 40, , 2, 1, 3
2016/6/26, 47, , 2, , 3
2016/6/27, 24, , 3, 8, 3
2016/6/28, 27, , 1, , 3
2016/6/29, 31, , 1, , 3
2016/6/30, 28, , 1, , 3
2016/1/5, 38, , 14, , 5
2016/1/6, 28, , 16, 7, 4
2016/1/7, 33, , 5, 2, 4
2016/1/8, 9, , 13, 3, 4
2016/1/9, 19, , 10, , 4
2016/1/10, 26, , 10, 2, 4
2016/1/11, 32, , 9, 1, 2
2016/1/12, 14, , 10, , 1
2016/1/13, 13, , 8, , 3
2016/1/14, 54, , 5, 5, 1
2016/1/15, 32, , 12, , 1
2016/1/16, 33, , 12, , 2
2016/1/17, 18, , 10, 1, 2
2016/1/18, 22, , 10, , 2
2016/1/19, 13, , 13, 2, 2
2016/1/20, 22, , 11, 1, 2
2016/1/21, 20, , 9, 1, 2
2016/1/22, 26, , 12, , 2
2016/1/23, 43, , 13, , 3
2016/1/24, 60, , 11, , 3
2016/1/25, 32, , 8, 1, 3
2016/1/26, 18, , 8, , 3
2016/1/27, 11, , 6, 3, 3
2016/1/28, 15, , 10, , 3
2016/1/29, 11, , 1, , 3
2016/1/30, 1, , 8, 4, 3
2016/1/31, 9, , 7, 4, 3
2016/2/1, 13, , 9, , 3
2016/2/2, 17, , 11, 6, 3
2016/2/3, 22, , 13, 5, 3
2016/2/4, 31, , 12, 2, 2
2016/2/5, 18, , 9, , 1
2016/2/6, 20, , 8, 4, 2
2016/2/7, 23, , 17, 10, 2
2016/2/8, 32, , 12, 1, 2
2016/2/9, 20, , 8, 4, 2
2016/2/10, 13, , 6, 1, 2
2016/2/11, 9, , 12, 2, 2
2016/2/12, 16, , 9, , 2
2016/2/13, 12, , 10, , 2
2016/2/14, 14, , 18, 4, 3
2016/2/15, 47, , 8, 2, 2
2016/2/16, 12, , 13, 1, 2
2016/2/17, 17, , 8, 4, 2
2016/2/18, 22, , 19, 1, 2
2016/2/19, 23, , 5, 6, 2
2016/2/20, 12, , 12, 1, 2
2016/2/21, 14, , 8, 2, 3
2016/2/22, 14, , 12, 1, 4
2016/2/23, 22, , 17, 2, 5
2016/2/24, 22, , 18, , 5
2016/2/25, 17, , 9, , 4
2016/2/26, 7, , 9, 6, 4
2016/2/27, 8, , 7, 2, 4
2016/2/28, 9, , 6, 1, 3
2016/2/29, 14, , 11, , 4
2016/3/1, 28, , 11, 2, 4
2016/3/2, 20, , 14, 5, 4
2016/3/3, 27, , 10, 3, 4
2016/3/4, 20, , 8, 1, 4
2016/3/5, 10, , 6, 2, 4
2016/3/6, 14, , 7, 2, 4
2016/3/7, 8, , 9, 1, 4
2016/3/8, 16, , 11, 2, 5
2016/3/9, 44, , 14, 2, 3
2016/3/10, 43, , 5, , 1
2016/3/11, 23, , 7, , 1
2016/3/12, 17, , 7, , 2
2016/3/13, 13, , 7, 2, 2
2016/3/14, 8, , 2, 2, 1
2016/3/15, 7, , 8, 13, 2
2016/3/16, 24, , 4, 6, 2
2016/3/17, 7, , 4, 2, 2
2016/3/18, 6, , 10, , 2
2016/3/19, 12, , 10, 7, 2
2016/3/20, 17, , 1, , 2
2016/3/21, 4, , 1, , 2
2016/3/22, 5, , 4, , 2
2016/3/23, 10, , 6, 14, 2
2016/3/24, 17, , 13, 3, 2
2016/3/25, 35, , 7, , 2
2016/3/26, 27, , 11, 7, 3
2016/3/27, 15, , 4, 1, 2
2016/3/28, 11, , 10, 8, 3
2016/3/29, 15, , 4, 8, 3
2016/3/30, 12, , 5, 7, 3
2016/3/31, 15, , 5, 13, 3
2015/10/1, 22, , 4, 4, 1
2015/10/2, 27, , 3, 2, 2
2015/10/3, 13, , 8, 4, 2
2015/10/4, 32, , 6, , 2
2015/10/5, 13, , 8, 1, 2
2015/10/6, 9, , 6, 3, 2
2015/10/7, 8, , 10, , 2
2015/10/8, 17, , 16, 2, 3
2015/10/9, 39, , 7, , 2
2015/10/10, 25, , 2, 2, 2
2015/10/11, 6, , 3, , 2
2015/10/12, 8, , 1, , 2
2015/10/13, 3, , 2, , 2
2015/10/14, 5, , 6, , 3
2015/10/15, 12, , 6, , 3
2015/10/16, 16, , 11, , 3
2015/10/17, 19, , 5, , 3
2015/10/18, 17, , 6, , 2
2015/10/19, 15, , 3, , 1
2015/10/20, 8, , 6, , 1
2015/10/21, 13, , 5, , 1
2015/10/22, 15, , 9, 8, 1
2015/10/23, 23, , 8, 1, 1
2015/10/24, 13, , 7, 1, 1
2015/10/26, 17, , 6, 1, 1
2015/10/27, 18, , 1, , 1
2015/10/28, 6, , 6, 2, 1
2015/10/29, 14, , 9, 1, 2
2015/10/30, 28, , 6, , 2
2015/10/31, 23, , 7, 6, 2
2015/11/1, 27, , 8, , 2
2015/11/2, 12, , 6, , 2
2015/11/3, 9, , 6, , 3
2015/11/4, 32, , 8, , 4
2015/11/5, 71, , 3, 5, 2
2015/11/6, 31, , 6, , 2
2015/11/7, 24, , 8, , 3
2015/11/8, 30, , 6, , 2
2015/11/9, 19, , 8, , 1
2015/11/10, 19, , 11, , 1
2015/11/11, 22, , 11, , 1
2015/11/12, 20, , 14, , 1
2015/11/13, 19, , 11, , 1
2015/11/14, 20, , 15, , 2
2015/11/15, 24, , 10, 1, 1
2015/11/16, 16, , 9, , 1
2015/11/17, 17, , 7, , 1
2015/11/18, 12, , 2, , 1
2015/11/19, 7, , 15, , 2
2015/11/20, 16, , 10, , 2
2015/11/21, 21, , 11, , 2
2015/11/22, 20, , 4, , 2
2015/11/23, 12, , 11, 2, 2
2015/11/24, 21, , 7, 2, 2
2015/11/25, 9, , 16, , 3
2015/11/26, 26, , 12, , 3
2015/11/27, 24, , 20, , 5
2015/11/28, 36, , 11, , 3
2015/11/29, 22, , 13, , 4
2015/11/30, 31, , 14, , 4
2015/12/1, 30, , 14, , 3
2015/12/2, 25, , 11, , 2
2015/12/3, 31, , 16, , 2
2015/12/4, 12, , 14, , 3
2015/12/5, 31, , 5, , 1
2015/12/6, 11, , 11, , 2
2015/12/7, 12, , 8, , 1
2015/12/8, 11, , 7, , 2
2015/12/9, 21, , 6, , 2
2015/12/10, 12, , 10, , 2
2015/12/11, 44, , 8, , 2
2015/12/12, 13, , 4, , 2
2015/12/13, 9, , 3, , 2
2015/12/14, 4, , 9, , 2
2015/12/15, 12, , 9, , 3
2015/12/16, 21, , 5, , 2
2015/12/17, 6, , 5, , 2
2015/12/18, 8, , 3, , 2
2015/12/19, 9, , 7, , 2
2015/12/20, 10, , 6, , 2
2015/12/21, 16, , 8, , 2
2015/12/22, 26, , 10, 6, 3
2015/12/23, 37, , 8, 7, 3
2015/12/24, 34, , 8, 14, 3
2015/12/25, 36, , 10, 1, 3
2015/12/26, 25, , 9, , 3
2015/12/27, 21, , 6, 1, 3
2015/12/28, 21, , 11, 5, 3
2015/12/29, 39, , 13, , 4
2015/12/30, 44, , 17, , 5
2015/12/31, 19, , , , 
2016/1/4, 34, , 12, 1, 5
2015/8/17, 13, , 3, 1, 1
2015/8/18, 26, , 2, , 1
2015/8/19, 20, , 1, , 1
2015/8/20, 10, , 1, , 1
2015/8/21, 9, , 4, , 1
2015/8/22, 12, , 2, 1, 2
2015/8/23, 15, , 3, , 2
2015/8/24, 21, , 5, 2, 2
2015/8/25, 25, , 6, 3, 2
2015/8/26, 21, , 4, 1, 2
2015/8/27, 40, , 3, , 2
2015/8/28, 18, , 5, 1, 2
2015/8/29, 22, , 3, , 2
2015/8/30, 19, , 2, , 2
2015/8/31, 28, , 4, 3, 2
2015/9/1, 30, , 4, , 3
2015/9/2, 16, , 3, 3, 3
2015/9/3, 9, , 2, 7, 3
2015/9/4, 13, , 2, 1, 3
2015/9/5, 28, , 5, 1, 3
2015/9/6, 21, , 7, 2, 3
2015/9/7, 11, , 5, 3, 3
2015/9/8, 20, , 4, 1, 3
2015/9/9, 17, , 4, , 3
2015/9/10, 16, , 4, , 4
2015/9/11, 21, , 3, , 3
2015/9/12, 23, , 5, 28, 3
2015/9/13, 21, , 3, 3, 3
2015/9/14, 16, , 3, 1, 3
2015/9/15, 17, , 4, , 4
2015/9/16, 17, , 5, , 4
2015/9/17, 17, , 6, , 4
2015/9/18, 17, , 4, , 4
2015/9/19, 15, , 2, , 4
2015/9/20, 11, , 2, 1, 4
2015/9/21, 11, , 3, 2, 4
2015/9/22, 15, , 3, , 2
2015/9/23, 10, , 5, , 1
2015/9/24, 11, , 3, , 1
2015/9/25, 20, , 7, , 1
2015/9/26, 141, , 2, , 1
2015/9/27, 5, , 6, 5, 1
2015/9/28, 7, , 6, , 1
2015/9/29, 16, , 6, , 2
2015/9/30, 20, , 8, , 2
2015/4/1, 13, , 5, 6, 4
2015/4/2, 18, , 2, 4, 4
2015/4/3, 20, , 4, 7, 4
2015/4/4, 13, , 4, 6, 4
2015/4/5, 24, , 5, 1, 5
2015/4/6, 26, , 9, , 5
2015/4/7, 33, , 8, 6, 5
2015/4/8, 31, , 6, 1, 6
2015/4/9, 35, , 9, , 6
2015/4/10, 53, , 4, , 6
2015/4/11, 41, , 2, , 6
2015/4/12, 18, , 2, , 6
2015/4/13, 18, , 4, , 7
2015/4/14, 37, , 5, , 4
2015/4/15, 15, , 2, 7, 1
2015/4/16, 18, , 6, 1, 2
2015/4/17, 17, , 2, 1, 2
2015/4/18, 10, , 6, , 2
2015/4/19, 16, , 6, 4, 2
2015/4/20, 23, , 5, 5, 2
2015/4/21, 27, , 2, , 2
2015/4/22, 21, , 1, , 2
2015/4/23, 15, , 1, , 2
2015/4/24, 16, , 5, 2, 2
2015/4/25, 30, , 6, 1, 3
2015/4/26, 30, , 5, , 3
2015/4/27, 19, , 8, , 3
2015/4/28, 34, , 3, , 3
2015/4/29, 22, , 4, 3, 3
2015/4/30, 20, , 7, 1, 3
2015/5/1, 17, , 4, 3, 4
2015/5/2, 17, , 2, 3, 3
2015/5/3, 7, , 3, 3, 3
2015/5/4, 18, , 2, , 3
2015/5/5, 18, , 4, , 2
2015/5/6, 18, , 5, 2, 1
2015/5/7, 22, , 6, 2, 1
2015/5/8, 35, , 4, 1, 1
2015/5/9, 26, , 5, , 2
2015/5/10, 34, , 5, 4, 2
2015/5/11, 42, , 4, 1, 2
2015/5/12, 48, , 4, , 2
2015/5/13, 38, , 6, , 2
2015/5/14, 52, , 4, 2, 2
2015/5/15, 42, , 1, 1, 2
2015/5/16, 18, , 3, 1, 2
2015/5/17, 16, , 4, , 2
2015/5/18, 23, , 7, , 3
2015/5/19, 33, , 6, , 3
2015/5/20, 42, , 6, , 3
2015/5/21, 41, , 6, 3, 3
2015/5/22, 68, , 5, 2, 3
2015/5/23, 55, , 4, 4, 3
2015/5/24, 64, , 5, 2, 4
2015/5/25, 103, , 4, 5, 3
2015/5/26, 33, , 4, 2, 4
2015/5/27, 60, , 2, 2, 3
2015/5/28, 16, , 3, 1, 3
2015/5/29, 37, , 3, , 4
2015/5/30, 42, , 5, , 6
2015/5/31, 88, , 3, 2, 4
2015/6/1, 14, , 4, 1, 4
2015/6/2, 15, , 3, , 4
2015/6/3, 33, , 4, , 4
2015/6/4, 36, , 3, , 4
2015/6/5, 27, , 5, , 5
2015/6/6, 54, , 4, , 6
2015/6/7, 71, , 2, 2, 3
2015/6/8, 50, , 2, 4, 2
2015/6/9, 40, , 4, 3, 1
2015/6/10, 36, , 4, 1, 2
2015/6/11, 42, , 3, , 2
2015/6/12, 33, , 3, 2, 1
2015/6/13, 31, , 2, 1, 1
2015/6/14, 21, , 4, 2, 2
2015/6/15, 36, , 4, 3, 2
2015/6/16, 24, , 4, 5, 2
2015/6/17, 28, , 5, 2, 2
2015/6/18, 37, , 3, 2, 2
2015/6/19, 32, , 4, 4, 2
2015/6/20, 47, , 3, 6, 2
2015/6/21, 50, , 2, 2, 2
2015/6/22, 39, , 3, 1, 3
2015/6/23, 34, , 5, , 3
2015/6/24, 33, , 4, 2, 3
2015/6/25, 58, , 3, 1, 3
2015/6/26, 37, , 2, , 3
2015/6/27, 19, , 4, 5, 3
2015/6/28, 56, , 7, 1, 12
2015/6/29, 203, , 12, 10, 11
2015/6/30, 180, , 4, 3, 8
2015/7/1, 141, , 4, , 5
2015/7/2, 86, , 5, 2, 9
2015/7/3, 156, , 5, 1, 17
2015/7/4, 224, , 4, 7, 4
2015/7/5, 25, , , , 
2015/1/2, 15, , 13, , 7
2015/1/3, 15, , 9, , 7
2015/1/4, 14, , 9, , 8
2015/1/5, 15, , 4, , 7
2015/1/6, 9, , 13, , 8
2015/1/7, 13, , 14, 2, 9
2015/1/8, 20, , 4, 3, 8
2015/1/9, 11, , 21, 1, 10
2015/1/10, 17, , 20, 2, 10
2015/1/11, 26, , 16, , 10
2015/1/12, 26, , 16, , 11
2015/1/13, 32, , 16, , 10
2015/1/14, 28, , 9, 1, 10
2015/1/15, 15, , 7, , 10
2015/1/16, 12, , 10, , 11
2015/1/17, 15, , 13, 5, 11
2015/1/18, 17, , 11, 1, 12
2015/1/19, 34, , 16, 5, 11
2015/1/20, 36, , 14, 3, 7
2015/1/21, 23, , 10, , 2
2015/1/22, 14, , 6, 2, 2
2015/1/23, 9, , 12, 4, 3
2015/1/24, 39, , 9, , 3
2015/1/25, 8, , 7, , 3
2015/1/26, 5, , 12, 7, 4
2015/1/27, 12, , 7, , 2
2015/1/28, 13, , 12, 7, 1
2015/1/29, 29, , 15, 2, 2
2015/1/30, 18, , 8, 2, 1
2015/1/31, 16, , 15, 1, 3
2015/2/1, 37, , 14, 2, 3
2015/2/2, 27, , 15, 3, 3
2015/2/3, 22, , 14, 4, 3
2015/2/4, 22, , 14, 1, 3
2015/2/5, 22, , 11, 2, 3
2015/2/6, 34, , 3, , 2
2015/2/7, 14, , 5, , 3
2015/2/8, 13, , 18, 6, 3
2015/2/9, 22, , 23, 3, 3
2015/2/10, 36, , 11, 3, 3
2015/2/11, 21, , 10, 3, 4
2015/2/12, 29, , 14, 1, 4
2015/2/13, 32, , 6, , 4
2015/2/14, 24, , 7, 2, 4
2015/2/15, 19, , 8, 4, 4
2015/2/16, 25, , 11, 8, 5
2015/2/17, 27, , 16, 1, 5
2015/2/18, 24, , 11, , 5
2015/2/19, 33, , 12, 2, 4
2015/2/20, 27, , 6, 11, 1
2015/2/21, 27, , 14, 6, 2
2015/2/22, 30, , 10, 1, 2
2015/2/23, 19, , 4, 7, 2
2015/2/24, 3, , 2, 2, 2
2015/2/25, 8, , 17, 7, 3
2015/2/26, 37, , 13, 1, 3
2015/2/27, 20, , 13, , 3
2015/2/28, 15, , 6, 2, 3
2015/3/1, 7, , 14, , 3
2015/3/2, 11, , 3, 2, 3
2015/3/3, 21, , 8, 4, 3
2015/3/4, 22, , 15, 2, 5
2015/3/5, 23, , 24, , 6
2015/3/6, 25, , 17, 3, 5
2015/3/7, 20, , 6, , 4
2015/3/8, 12, , 18, , 6
2015/3/9, 19, , 12, , 5
2015/3/10, 14, , 5, 2, 5
2015/3/11, 12, , 9, 12, 5
2015/3/12, 19, , 13, 4, 4
2015/3/13, 27, , 12, , 2
2015/3/14, 24, , 13, 1, 3
2015/3/15, 47, , 3, 2, 2
2015/3/16, 17, , 10, 9, 2
2015/3/17, 25, , 13, 1, 3
2015/3/18, 31, , 9, 4, 2
2015/3/19, 26, , 5, 4, 2
2015/3/20, 18, , 6, 3, 2
2015/3/21, 18, , 5, 1, 2
2015/3/22, 24, , 4, , 3
2015/3/23, 15, , 10, 2, 3
2015/3/24, 18, , 10, 4, 3
2015/3/25, 23, , 9, , 3
2015/3/26, 20, , 7, 2, 4
2015/3/27, 24, , 8, , 4
2015/3/28, 24, , 4, , 4
2015/3/29, 11, , 6, , 4
2015/3/30, 18, , 9, , 4
2015/3/31, 12, , 2, , 4
2014/10/1, 12, , 1, 2, 3
2014/10/2, 5, , 5, , 3
2014/10/3, 12, , 7, 14, 3
2014/10/4, 23, , 6, 10, 3
2014/10/5, 25, , 4, 2, 3
2014/10/6, 12, , 5, 2, 3
2014/10/7, 14, , 7, , 3
2014/10/8, 13, , 6, 1, 3
2014/10/9, 22, , 13, , 4
2014/10/10, 32, , 5, , 4
2014/10/11, 27, , 3, , 3
2014/10/12, 10, , 7, , 4
2014/10/13, 20, , 11, , 4
2014/10/14, 24, , 4, 2, 3
2014/10/15, 10, , 7, 1, 1
2014/10/16, 14, , 5, , 1
2014/10/17, 15, , 6, , 1
2014/10/18, 19, , 5, , 1
2014/10/19, 17, , 9, , 2
2014/10/20, 26, , 9, , 2
2014/10/21, 23, , 9, , 2
2014/10/22, 17, , 8, , 2
2014/10/23, 25, , 1, , 2
2014/10/24, 3, , 2, , 1
2014/10/25, 9, , 5, , 2
2014/10/27, 11, , 7, , 2
2014/10/28, 12, , 5, , 2
2014/10/29, 12, , 1, , 2
2014/10/30, 3, , 4, , 2
2014/10/31, 11, , 5, , 2
2014/11/1, 28, , 7, , 3
2014/11/2, 36, , 3, , 3
2014/11/3, 15, , 5, 3, 3
2014/11/4, 31, , 5, , 3
2014/11/5, 19, , 3, , 3
2014/11/6, 44, , 7, 1, 3
2014/11/7, 28, , 3, 3, 2
2014/11/8, 11, , 9, 4, 2
2014/11/9, 20, , 9, 5, 2
2014/11/10, 18, , 4, 2, 2
2014/11/11, 12, , 8, 4, 2
2014/11/12, 21, , 11, 1, 3
2014/11/13, 19, , 15, 1, 4
2014/11/14, 38, , 11, 3, 3
2014/11/15, 30, , 6, 2, 3
2014/11/16, 34, , 4, 1, 3
2014/11/17, 4, , 12, , 3
2014/11/18, 14, , 5, 1, 3
2014/11/19, 15, , 8, , 4
2014/11/20, 14, , 13, , 5
2014/11/21, 46, , 5, 2, 4
2014/11/22, 11, , 5, , 4
2014/11/23, 10, , 10, 1, 4
2014/11/24, 23, , 6, , 4
2014/11/25, 9, , 12, 8, 4
2014/11/26, 10, , 14, 1, 4
2014/11/27, 30, , 12, , 1
2014/11/28, 14, , 8, , 
2014/11/29, 15, , 9, 1, 7
2014/11/30, 16, , 9, 1, 7
2014/12/1, 28, , 19, , 8
2014/12/2, 27, , 22, , 8
2014/12/3, 31, , 13, , 8
2014/12/4, 22, , 19, , 1
2014/12/5, 33, , 20, , 2
2014/12/6, 39, , 18, , 1
2014/12/7, 35, , 10, 3, 1
2014/12/8, 20, , 11, 1, 2
2014/12/9, 45, , 11, , 2
2014/12/10, 33, , 14, 3, 3
2014/12/11, 31, , 5, 3, 2
2014/12/12, 39, , 9, 3, 2
2014/12/13, 50, , 15, , 4
2014/12/14, 114, , 9, 3, 3
2014/12/15, 28, , 10, 1, 3
2014/12/16, 16, , 12, 1, 3
2014/12/17, 17, , 15, , 4
2014/12/18, 21, , 13, , 5
2014/12/19, 47, , 7, , 5
2014/12/20, 48, , 7, , 4
2014/12/21, 24, , 5, , 4
2014/12/22, 17, , 5, , 5
2014/12/23, 27, , 8, , 5
2014/12/24, 22, , 4, 1, 5
2014/12/25, 21, , 8, 1, 5
2014/12/26, 19, , 16, 2, 6
2014/12/27, 33, , 10, , 6
2014/12/28, 17, , 10, , 6
2014/12/29, 31, , , , 
2014/7/28, 13, , , , 
2014/8/8, 31, , 4, 5, 4
2014/8/9, 36, , 13, , 6
2014/8/10, 58, , , , 
2014/8/12, 43, , 2, , 4
2014/8/13, 57, , , , 
2014/8/15, 44, , 9, , 4
2014/8/16, 63, , 4, , 3
2014/8/17, 16, , 5, 2, 5
2014/8/18, 65, , 5, 2, 4
2014/8/19, 45, , 5, 3, 3
2014/8/20, 40, , 6, 10, 3
2014/8/21, 58, , 6, 2, 3
2014/8/22, 33, , 4, 1, 3
2014/8/23, 45, , 4, , 3
2014/8/24, 43, , 5, , 4
2014/8/25, 42, , 7, , 4
2014/8/26, 52, , 4, , 4
2014/8/27, 31, , 2, , 3
2014/8/28, 13, , 5, , 4
2014/8/29, 28, , 3, , 4
2014/8/30, 36, , 4, 1, 4
2014/8/31, 25, , 3, 3, 4
2014/9/1, 18, , 4, 3, 3
2014/9/2, 19, , 4, 1, 4
2014/9/3, 26, , 5, , 4
2014/9/4, 24, , 5, , 3
2014/9/5, 17, , 3, 3, 2
2014/9/6, 18, , 2, 1, 2
2014/9/7, 2, , 7, 3, 1
2014/9/8, 15, , 9, 2, 2
2014/9/9, 31, , 10, 3, 2
2014/9/10, 40, , 7, 1, 2
2014/9/11, 25, , 10, 6, 2
2014/9/12, 36, , 6, 1, 2
2014/9/13, 38, , 7, , 3
2014/9/14, 39, , 7, 2, 3
2014/9/15, 38, , 3, , 2
2014/9/16, 33, , 2, 1, 2
2014/9/17, 11, , 7, 7, 3
2014/9/18, 35, , 4, , 3
2014/9/19, 32, , 3, , 2
2014/9/20, 6, , 7, , 4
2014/9/21, 16, , 9, 1, 4
2014/9/22, 24, , 11, 6, 3
2014/9/23, 37, , 9, , 3
2014/9/24, 32, , 3, 2, 3
2014/9/25, 10, , 1, , 3
2014/9/26, 7, , 5, 1, 3
2014/9/27, 19, , 5, , 3
2014/9/28, 17, , 6, , 3
2014/9/29, 18, , 9, 5, 4
2014/9/30, 32, , 3, 1, 3
2020/3/31, , , 2, , 2
2020/6/29, , , 3, , 1
2020/1/1, , , 11, 3, 2
2019/12/8, , , 10, 1, 2
2019/12/14, , , 13, 1, 2
2019/1/1, , , 7, 1, 2
2018/6/19, , , 3, , 1
2018/6/20, , , 3, 3, 
2018/6/21, , , 2, , 1
2018/6/22, , , 2, , 1
2018/6/23, , , 3, , 1
2018/6/24, , , 2, , 1
2018/3/25, , , 10, 8, 3
2017/11/24, , , 12, 1, 2
2017/9/9, , , 1, , 2
2016/10/10, , , 6, 1, 3
2016/1/3, , , 13, , 5
2015/8/16, , , 3, , 1
2015/1/1, , , 15, 1, 7
2014/7/27, , , 4, , 3
2014/8/7, , , 6, 11, 3
2014/8/11, , , 3, , 3
2014/8/14, , , 3, , 3